"","year","value","variable","culture","state","chirps","double.fallow","double.single","onset","single.double","soil.lower","vpd"
"1",1988,28,"planted_area","soy","to",1795.07,NA,NA,67.88,NA,-1,150
"2",1989,59,"planted_area","soy","to",1745.38,NA,NA,56.56,NA,0,146
"3",1990,34.2,"planted_area","soy","to",1547.41,NA,NA,53.96,NA,0,143
"4",1991,3.9,"planted_area","soy","to",1506.22,NA,NA,87.93,NA,-1,158
"5",1992,12,"planted_area","soy","to",1531.46,NA,NA,82.04,NA,-1,155
"6",1993,15.5,"planted_area","soy","to",1694.05,NA,NA,72.26,NA,0,150
"7",1994,22.7,"planted_area","soy","to",1693.64,NA,NA,72.26,NA,-1,151
"8",1995,16.6,"planted_area","soy","to",1600.18,NA,NA,76.69,NA,-1,155
"9",1996,4.9,"planted_area","soy","to",1861.65,NA,NA,76.61,NA,0,141
"10",1997,21.9,"planted_area","soy","to",1309.01,NA,NA,56.47,NA,0,165
"11",1998,40.1,"planted_area","soy","to",1485.1,NA,NA,115.99,NA,-1,151
"12",1999,40.1,"planted_area","soy","to",1802.67,NA,NA,87.88,NA,-1,143
"13",2000,56.5,"planted_area","soy","to",1552.2,NA,NA,60.64,NA,0,143
"14",2001,66,"planted_area","soy","to",1689.77,NA,NA,64.25,NA,0,151
"15",2002,105,"planted_area","soy","to",1561.11,NA,NA,54.94,NA,0,143
"16",2003,148.1,"planted_area","soy","to",1736.65,18.46,14.24,89.66,3.75,-1,136
"17",2004,243.6,"planted_area","soy","to",1634.92,33.2,24.19,70.49,4.69,-1,140
"18",2005,355.7,"planted_area","soy","to",1705.45,24.31,29.59,68.77,11.62,-1,140
"19",2006,309.5,"planted_area","soy","to",1521.44,27.52,34.88,76.05,13.29,-1,136
"20",2007,267.7,"planted_area","soy","to",1581.94,75.93,35.63,64.74,11.73,-1,139
"21",2008,331.6,"planted_area","soy","to",1804.5,59.71,81.25,79.9,12.67,-1,153
"22",2009,311.4,"planted_area","soy","to",1538.35,163.81,28.1,72.02,22.24,0,155
"23",2010,364.3,"planted_area","soy","to",1715.79,86.39,178.01,57.65,22.41,0,143
"24",2011,404.7,"planted_area","soy","to",1651.77,13.41,27.94,58.45,47.73,-1,145
"25",2012,451.2,"planted_area","soy","to",1549.35,187.66,81.98,48.82,57.87,0,149
"26",2013,549.6,"planted_area","soy","to",1842.47,40.95,86.54,65.71,155.22,-1,167
"27",2014,748.4,"planted_area","soy","to",1763.91,170.17,33.17,62.1,169.91,-1,158
"28",2015,849.6,"planted_area","soy","to",1208.93,478.74,67.68,64.66,255.91,0,236
"29",2016,870.8,"planted_area","soy","to",1590.99,645.4,84.1,155.33,345.94,-2,169
"30",2017,964,"planted_area","soy","to",1671.63,NA,NA,NA,NA,-1,283
"31",2018,988.1,"planted_area","soy","to",NA,NA,NA,NA,NA,NA,NA
"32",1985,10,"planted_area","soy","ma",1582.15,NA,NA,124.24,NA,-1,164
"33",1986,8.7,"planted_area","soy","ma",1076.73,NA,NA,87.38,NA,0,167
"34",1987,8.5,"planted_area","soy","ma",1275.11,NA,NA,208.01,NA,-1,176
"35",1988,16.2,"planted_area","soy","ma",1370.91,NA,NA,139.59,NA,-1,171
"36",1989,21.9,"planted_area","soy","ma",1180.68,NA,NA,129.78,NA,-1,166
"37",1990,16,"planted_area","soy","ma",1160.17,NA,NA,182.06,NA,0,169
"38",1991,4.6,"planted_area","soy","ma",1026.05,NA,NA,166.06,NA,-1,190
"39",1992,21.1,"planted_area","soy","ma",954.25,NA,NA,188.68,NA,-1,203
"40",1993,42.7,"planted_area","soy","ma",1433.2,NA,NA,130.32,NA,-1,180
"41",1994,62.8,"planted_area","soy","ma",1359.94,NA,NA,130.32,NA,-1,176
"42",1995,91.7,"planted_area","soy","ma",1411.29,NA,NA,116.96,NA,-1,172
"43",1996,89.1,"planted_area","soy","ma",1337.84,NA,NA,115.37,NA,-1,158
"44",1997,120,"planted_area","soy","ma",880.92,NA,NA,110.38,NA,0,184
"45",1998,144,"planted_area","soy","ma",1272.1,NA,NA,253.77,NA,-1,178
"46",1999,162.7,"planted_area","soy","ma",1537.24,NA,NA,135.15,NA,0,171
"47",2000,175.7,"planted_area","soy","ma",1203.55,NA,NA,86.4,NA,-1,159
"48",2001,210,"planted_area","soy","ma",1240.49,NA,NA,151.93,NA,-1,167
"49",2002,238.3,"planted_area","soy","ma",1123.57,NA,NA,120.96,NA,-1,178
"50",2003,274,"planted_area","soy","ma",1345.71,12.16,23.24,167.01,0.28,-1,185
"51",2004,342.5,"planted_area","soy","ma",1256.87,33.01,27.94,125.31,1.51,-1,167
"52",2005,375,"planted_area","soy","ma",1406.73,11.51,34.78,126.42,0.56,-1,205
"53",2006,382.5,"planted_area","soy","ma",1149.53,28.87,60.06,125.16,1.88,-1,166
"54",2007,384.4,"planted_area","soy","ma",1429.64,114.65,117.27,174.14,12.33,-1,174
"55",2008,421.5,"planted_area","soy","ma",1591.97,49.01,239.56,119.32,15.52,-1,192
"56",2009,387.4,"planted_area","soy","ma",1112.6,114.7,104.42,101.94,39.4,-1,162
"57",2010,502.1,"planted_area","soy","ma",1473.1,124.66,502.14,185.91,37.32,-1,172
"58",2011,518.2,"planted_area","soy","ma",1093.22,14.89,108.98,100.86,94.49,-1,168
"59",2012,559.7,"planted_area","soy","ma",1086.52,108.38,328.62,213.51,108.24,0,207
"60",2013,586,"planted_area","soy","ma",1358.83,42.84,250.19,200.77,256.42,-1,176
"61",2014,662.2,"planted_area","soy","ma",1227.94,180.7,172.53,128.72,348.95,-1,187
"62",2015,749.6,"planted_area","soy","ma",901.36,467.47,404.85,158.42,473.14,-1,226
"63",2016,786.3,"planted_area","soy","ma",1367.73,610.23,155.16,222.85,522.98,-1,206
"64",2017,821.7,"planted_area","soy","ma",1230.11,NA,NA,NA,NA,-1,268
"65",2018,951.5,"planted_area","soy","ma",NA,NA,NA,NA,NA,NA,NA
"66",1988,0.2,"planted_area","soy","pi",1067.52,NA,NA,247.73,NA,-1,192
"67",1989,0.2,"planted_area","soy","pi",997.95,NA,NA,202.37,NA,-1,191
"68",1990,0.4,"planted_area","soy","pi",898.92,NA,NA,240.59,NA,0,196
"69",1994,6.8,"planted_area","soy","pi",948.33,NA,NA,211.58,NA,-1,226
"70",1995,13.6,"planted_area","soy","pi",1033.06,NA,NA,233.69,NA,-1,188
"71",1996,10.2,"planted_area","soy","pi",1108.46,NA,NA,230.05,NA,-1,177
"72",1997,17.9,"planted_area","soy","pi",784.18,NA,NA,182.43,NA,0,200
"73",1998,28.6,"planted_area","soy","pi",911.63,NA,NA,276.66,NA,-1,219
"74",1999,29.9,"planted_area","soy","pi",1113.93,NA,NA,258.43,NA,0,183
"75",2000,40,"planted_area","soy","pi",881.85,NA,NA,180.15,NA,0,193
"76",2001,62,"planted_area","soy","pi",930.73,NA,NA,259.47,NA,-1,195
"77",2002,86.8,"planted_area","soy","pi",877.83,NA,NA,250.14,NA,-1,225
"78",2003,116.3,"planted_area","soy","pi",1065.77,2.44,9.4,258.47,0,-1,226
"79",2004,159.3,"planted_area","soy","pi",1055.48,7.14,2.25,163.14,0,-1,199
"80",2005,197.1,"planted_area","soy","pi",1025.18,10.96,4.79,182.4,0,-1,219
"81",2006,232,"planted_area","soy","pi",865.73,13.97,6.11,190.75,0,-1,179
"82",2007,219.7,"planted_area","soy","pi",1056.01,21.6,30.18,265.57,0.19,-1,212
"83",2008,253.6,"planted_area","soy","pi",1139.78,17.46,33.86,164.68,0,-1,205
"84",2009,273.1,"planted_area","soy","pi",937.76,12.4,4.61,161.63,0,-1,179
"85",2010,343.1,"planted_area","soy","pi",1052.22,32.53,186.99,270.69,0.09,-1,196
"86",2011,383.6,"planted_area","soy","pi",828.23,2.07,39.82,218.32,0.47,-1,198
"87",2012,444.6,"planted_area","soy","pi",879.72,36.12,113.64,272.71,2.35,0,248
"88",2013,546.4,"planted_area","soy","pi",1032.85,7.71,153.24,250.45,16.75,-1,200
"89",2014,627.3,"planted_area","soy","pi",970.58,52.99,160.45,220.99,65.27,-1,206
"90",2015,673.7,"planted_area","soy","pi",726.5,135.82,254.19,246.24,99.24,-1,247
"91",2016,565,"planted_area","soy","pi",973.67,191.76,62.53,276.47,86.52,-1,237
"92",2017,693.8,"planted_area","soy","pi",975.56,NA,NA,NA,NA,-1,281
"93",2018,710.5,"planted_area","soy","pi",NA,NA,NA,NA,NA,NA,NA
"94",1980,1.9,"planted_area","soy","ba",NA,NA,NA,NA,NA,-1,173
"95",1981,2.4,"planted_area","soy","ba",1034.48,NA,NA,NA,NA,0,195
"96",1982,1.2,"planted_area","soy","ba",877.33,NA,NA,220.41,NA,0,199
"97",1983,5,"planted_area","soy","ba",973.01,NA,NA,242.01,NA,-1,195
"98",1984,28,"planted_area","soy","ba",1056.31,NA,NA,236.7,NA,-1,175
"99",1985,63,"planted_area","soy","ba",1156.12,NA,NA,217.96,NA,-1,146
"100",1986,107,"planted_area","soy","ba",827.99,NA,NA,205.25,NA,-1,165
"101",1987,170,"planted_area","soy","ba",1090.19,NA,NA,258.99,NA,-1,202
"102",1988,228,"planted_area","soy","ba",964.1,NA,NA,194.64,NA,0,173
"103",1989,385,"planted_area","soy","ba",1163.34,NA,NA,248.79,NA,-1,186
"104",1990,366,"planted_area","soy","ba",939.44,NA,NA,156.91,NA,-1,188
"105",1991,278,"planted_area","soy","ba",1184.36,NA,NA,238.57,NA,-1,211
"106",1992,330,"planted_area","soy","ba",961.44,NA,NA,152.04,NA,-1,195
"107",1993,380,"planted_area","soy","ba",1072.53,NA,NA,195.07,NA,-1,192
"108",1994,434,"planted_area","soy","ba",915.67,NA,NA,195.07,NA,-1,210
"109",1995,470.6,"planted_area","soy","ba",932.16,NA,NA,225.27,NA,-1,195
"110",1996,433,"planted_area","soy","ba",1223.12,NA,NA,262.13,NA,-1,174
"111",1997,456,"planted_area","soy","ba",797.97,NA,NA,146.47,NA,-1,183
"112",1998,556.3,"planted_area","soy","ba",944.32,NA,NA,275.06,NA,-1,205
"113",1999,580.2,"planted_area","soy","ba",1243.66,NA,NA,247.11,NA,-1,168
"114",2000,635.3,"planted_area","soy","ba",956.84,NA,NA,114.32,NA,0,196
"115",2001,690.6,"planted_area","soy","ba",902.16,NA,NA,249.22,NA,-1,190
"116",2002,800,"planted_area","soy","ba",918.14,NA,NA,257.1,NA,-1,196
"117",2003,850.4,"planted_area","soy","ba",1160.03,22.54,22.46,252.97,2.87,-1,210
"118",2004,821.5,"planted_area","soy","ba",1056.98,66.63,104.25,155.15,3.62,-1,190
"119",2005,870,"planted_area","soy","ba",1058.88,110.45,101.82,204.82,4.54,-1,189
"120",2006,872.6,"planted_area","soy","ba",922.43,90.07,114.26,189.07,5.01,-1,168
"121",2007,850.8,"planted_area","soy","ba",937.29,91.36,163.38,266.63,13.72,-1,198
"122",2008,905,"planted_area","soy","ba",1145.91,45.56,166.76,239.96,3.25,-1,196
"123",2009,947.5,"planted_area","soy","ba",972.02,46.78,68.83,148.71,4.08,0,169
"124",2010,1016.5,"planted_area","soy","ba",1107.96,203.37,200.47,254.59,1.39,-1,188
"125",2011,1043.9,"planted_area","soy","ba",903.48,38.32,199.99,195.37,4.8,-1,185
"126",2012,1112.8,"planted_area","soy","ba",900.29,128.61,186.59,254.81,4.73,-1,214
"127",2013,1281.9,"planted_area","soy","ba",1069.98,30.15,419.6,240.22,13.62,0,193
"128",2014,1312.7,"planted_area","soy","ba",1027.31,105.37,303.38,195.9,27.67,-1,192
"129",2015,1422,"planted_area","soy","ba",775.79,313.38,602.84,209.88,49.21,0,232
"130",2016,1526.9,"planted_area","soy","ba",870.36,469.03,768.68,275.39,33.54,-1,215
"131",2017,1580.3,"planted_area","soy","ba",971.23,NA,NA,NA,NA,-1,265
"132",2018,1599.3,"planted_area","soy","ba",NA,NA,NA,NA,NA,NA,NA
"133",1977,310,"planted_area","soy","mt",NA,NA,NA,NA,NA,NA,139
"134",1978,6,"planted_area","soy","mt",NA,NA,NA,NA,NA,0,139
"135",1979,19,"planted_area","soy","mt",NA,NA,NA,NA,NA,0,163
"136",1980,70,"planted_area","soy","mt",NA,NA,NA,NA,NA,-1,141
"137",1981,128,"planted_area","soy","mt",1998.02,NA,NA,NA,NA,-1,145
"138",1982,195,"planted_area","soy","mt",1702.57,NA,NA,50.35,NA,0,159
"139",1983,317,"planted_area","soy","mt",1730.22,NA,NA,77.25,NA,0,138
"140",1984,467,"planted_area","soy","mt",1832.12,NA,NA,57.03,NA,0,138
"141",1985,795,"planted_area","soy","mt",1748.56,NA,NA,55.68,NA,0,140
"142",1986,909.5,"planted_area","soy","mt",1575.45,NA,NA,72.77,NA,-1,146
"143",1987,1100,"planted_area","soy","mt",1896.74,NA,NA,83.63,NA,-1,144
"144",1988,1375,"planted_area","soy","mt",1876.81,NA,NA,66.68,NA,-1,134
"145",1989,1708.2,"planted_area","soy","mt",1723.81,NA,NA,62.8,NA,-1,148
"146",1990,1503,"planted_area","soy","mt",1842.6,NA,NA,71.04,NA,0,134
"147",1991,1100,"planted_area","soy","mt",1730.93,NA,NA,63.98,NA,0,145
"148",1992,1452,"planted_area","soy","mt",1645.32,NA,NA,82.34,NA,0,140
"149",1993,1713.4,"planted_area","soy","mt",1752.94,NA,NA,87.84,NA,0,132
"150",1994,1996,"planted_area","soy","mt",1846.33,NA,NA,87.84,NA,0,141
"151",1995,2295.4,"planted_area","soy","mt",1695.56,NA,NA,74.16,NA,0,147
"152",1996,1905.2,"planted_area","soy","mt",1869.95,NA,NA,81.73,NA,-1,130
"153",1997,2095.7,"planted_area","soy","mt",1492.05,NA,NA,62.84,NA,0,172
"154",1998,2600,"planted_area","soy","mt",1652.44,NA,NA,90.61,NA,-1,163
"155",1999,2548,"planted_area","soy","mt",1706.88,NA,NA,67.37,NA,0,149
"156",2000,2904.7,"planted_area","soy","mt",1610.35,NA,NA,76.86,NA,-1,155
"157",2001,3120,"planted_area","soy","mt",1756.06,NA,NA,83.52,NA,-1,165
"158",2002,3853.2,"planted_area","soy","mt",1713.76,NA,NA,66.23,NA,0,149
"159",2003,4419.6,"planted_area","soy","mt",1832.58,287.25,2275.89,78.52,1574.36,-1,137
"160",2004,5240.5,"planted_area","soy","mt",1656.91,453.83,2471.85,79.67,2828.55,-1,137
"161",2005,6105.2,"planted_area","soy","mt",1820.82,564.7,4317.71,77.08,4109.23,-1,147
"162",2006,6196.8,"planted_area","soy","mt",1745.42,637.65,1764.35,65.7,5442.71,-1,147
"163",2007,5124.8,"planted_area","soy","mt",1800.16,872.73,3375.28,46.77,6607.98,-1,147
"164",2008,5675,"planted_area","soy","mt",1727.95,469.91,3113.01,68.31,10230.39,0,139
"165",2009,5828.2,"planted_area","soy","mt",1688.89,1784.06,2977.2,75.23,12612.63,0,151
"166",2010,6224.5,"planted_area","soy","mt",1765.53,1163.21,3288.3,73.41,14630.57,-1,136
"167",2011,6398.8,"planted_area","soy","mt",1781.86,445.55,3140.2,70.14,14697.02,-1,134
"168",2012,6980.5,"planted_area","soy","mt",1883.25,1555.51,1331.63,69.12,16702.9,-1,138
"169",2013,7818.2,"planted_area","soy","mt",2056.68,1297.99,2302.91,85.12,20756.64,-1,142
"170",2014,8615.7,"planted_area","soy","mt",1852.81,2530.33,1116.65,51.36,24519.49,0,142
"171",2015,8934.5,"planted_area","soy","mt",1484.19,9724.37,1604.64,69.84,21144.41,-1,214
"172",2016,9140,"planted_area","soy","mt",1984.59,8238.32,886.86,98.01,20235.94,-1,160
"173",2017,9322.8,"planted_area","soy","mt",1889.78,NA,NA,NA,NA,0,156
"174",2018,9518.6,"planted_area","soy","mt",NA,NA,NA,NA,NA,NA,NA
"175",1977,68,"planted_area","soy","go",NA,NA,NA,NA,NA,NA,128
"176",1978,97,"planted_area","soy","go",NA,NA,NA,NA,NA,0,128
"177",1979,128,"planted_area","soy","go",NA,NA,NA,NA,NA,-1,149
"178",1980,247,"planted_area","soy","go",NA,NA,NA,NA,NA,-1,145
"179",1981,294,"planted_area","soy","go",1789.64,NA,NA,NA,NA,-1,144
"180",1982,320,"planted_area","soy","go",1711.85,NA,NA,41.23,NA,0,147
"181",1983,370,"planted_area","soy","go",1430.86,NA,NA,68.25,NA,-1,143
"182",1984,571,"planted_area","soy","go",1603.08,NA,NA,72.57,NA,0,129
"183",1985,690,"planted_area","soy","go",1371.2,NA,NA,75.43,NA,-1,135
"184",1986,621,"planted_area","soy","go",1318.23,NA,NA,97.68,NA,-1,148
"185",1987,540,"planted_area","soy","go",1651.02,NA,NA,111.58,NA,-1,143
"186",1988,730.4,"planted_area","soy","go",1398.71,NA,NA,62.35,NA,-1,130
"187",1989,990,"planted_area","soy","go",1519.08,NA,NA,86.29,NA,-1,138
"188",1990,940.5,"planted_area","soy","go",1491.85,NA,NA,60.17,NA,0,128
"189",1991,790,"planted_area","soy","go",1546.86,NA,NA,89.85,NA,-1,139
"190",1992,820,"planted_area","soy","go",1430.69,NA,NA,76.69,NA,-1,133
"191",1993,984,"planted_area","soy","go",1530.83,NA,NA,84.35,NA,-1,135
"192",1994,1090,"planted_area","soy","go",1463.31,NA,NA,84.35,NA,-1,146
"193",1995,1122.7,"planted_area","soy","go",1320.72,NA,NA,74.89,NA,0,151
"194",1996,909.4,"planted_area","soy","go",1667.33,NA,NA,112.98,NA,-1,126
"195",1997,991.2,"planted_area","soy","go",1290.71,NA,NA,62.85,NA,0,145
"196",1998,1338.1,"planted_area","soy","go",1315.24,NA,NA,118.44,NA,-1,151
"197",1999,1324.7,"planted_area","soy","go",1503,NA,NA,112.38,NA,-1,137
"198",2000,1454.5,"planted_area","soy","go",1311.95,NA,NA,63.62,NA,-1,138
"199",2001,1540,"planted_area","soy","go",1517.88,NA,NA,96.71,NA,-1,147
"200",2002,1901.9,"planted_area","soy","go",1397.97,NA,NA,66.03,NA,-1,142
"201",2003,2170.5,"planted_area","soy","go",1608.71,297.87,663.5,83.88,1381.66,-1,127
"202",2004,2572,"planted_area","soy","go",1402.63,547.97,704.14,70.91,1965.49,-1,132
"203",2005,2662,"planted_area","soy","go",1527.86,581.74,2391.53,76.61,2057.59,-1,140
"204",2006,2542.2,"planted_area","soy","go",1560.31,353.83,478.25,65.8,2182.02,-1,129
"205",2007,2191.4,"planted_area","soy","go",1515.22,712.75,928.54,58.76,2124.77,-1,140
"206",2008,2179.7,"planted_area","soy","go",1492.51,331.97,801.67,79.52,2971.08,-1,144
"207",2009,2307.2,"planted_area","soy","go",1415.64,1046.6,1255.67,77.26,3690.14,0,150
"208",2010,2549.5,"planted_area","soy","go",1609.69,607.69,674.92,78.24,4469.87,0,133
"209",2011,2605.6,"planted_area","soy","go",1417.41,437.5,901.42,64.55,5000.17,-1,144
"210",2012,2644.7,"planted_area","soy","go",1439.52,1154.66,705.15,75.44,6114.07,0,150
"211",2013,2888,"planted_area","soy","go",1502.02,1035.56,791.91,70.72,7108.88,-1,153
"212",2014,3101.7,"planted_area","soy","go",1524.54,989.13,276.39,80.07,6943.43,-1,146
"213",2015,3325,"planted_area","soy","go",1223.24,5839.31,519.45,67.08,6713.86,-1,193
"214",2016,3285.1,"planted_area","soy","go",1348.55,3975.18,460.86,132.16,6402.2,-1,153
"215",2017,3278.5,"planted_area","soy","go",1405.71,NA,NA,NA,NA,-1,260
"216",2018,3386.7,"planted_area","soy","go",NA,NA,NA,NA,NA,NA,NA
"217",1980,8,"planted_area","soy","df",NA,NA,NA,NA,NA,-1,104
"218",1981,15,"planted_area","soy","df",1724.87,NA,NA,NA,NA,0,109
"219",1982,17,"planted_area","soy","df",1610.9,NA,NA,36.63,NA,0,104
"220",1983,20,"planted_area","soy","df",1383.91,NA,NA,60.46,NA,-1,108
"221",1984,30,"planted_area","soy","df",1336.02,NA,NA,52.9,NA,-1,98
"222",1985,45,"planted_area","soy","df",1224.29,NA,NA,87,NA,-1,100
"223",1986,48.8,"planted_area","soy","df",1177.15,NA,NA,191.84,NA,-1,111
"224",1987,43.8,"planted_area","soy","df",1552.2,NA,NA,157.24,NA,-1,106
"225",1988,42.7,"planted_area","soy","df",1318.26,NA,NA,68.55,NA,0,103
"226",1989,56.3,"planted_area","soy","df",1542.59,NA,NA,70.96,NA,-1,107
"227",1990,53.5,"planted_area","soy","df",1338.98,NA,NA,43.15,NA,-1,103
"228",1991,43.1,"planted_area","soy","df",1636.64,NA,NA,93.37,NA,-1,104
"229",1992,42,"planted_area","soy","df",1471.99,NA,NA,66.67,NA,-1,110
"230",1993,44.7,"planted_area","soy","df",1478.08,NA,NA,86.42,NA,-1,111
"231",1994,49.3,"planted_area","soy","df",1319.51,NA,NA,86.42,NA,0,112
"232",1995,43.8,"planted_area","soy","df",1131.29,NA,NA,77,NA,0,115
"233",1996,34.7,"planted_area","soy","df",1504.94,NA,NA,254.74,NA,-1,100
"234",1997,34.6,"planted_area","soy","df",1191.26,NA,NA,74.46,NA,0,111
"235",1998,35.6,"planted_area","soy","df",1186.36,NA,NA,163.51,NA,-1,112
"236",1999,28.5,"planted_area","soy","df",1414.43,NA,NA,201.25,NA,-1,112
"237",2000,33.6,"planted_area","soy","df",1192.08,NA,NA,54.55,NA,-1,112
"238",2001,35,"planted_area","soy","df",1294.9,NA,NA,157.02,NA,-1,116
"239",2002,37.7,"planted_area","soy","df",1199.09,NA,NA,147.16,NA,-1,115
"240",2003,43.2,"planted_area","soy","df",1641.31,5.48,17.64,118.7,0.55,-1,104
"241",2004,49.6,"planted_area","soy","df",1394.76,7.77,18.93,98.01,0.91,-1,115
"242",2005,59,"planted_area","soy","df",1466.67,4.57,42.05,89.29,2.56,-1,109
"243",2006,54,"planted_area","soy","df",1400.32,8.68,29.62,65.21,1.46,-1,103
"244",2007,51.8,"planted_area","soy","df",1441.06,3.57,19.29,57.18,0.37,-1,101
"245",2008,48.7,"planted_area","soy","df",1450.68,4.57,23.77,77.26,1.19,-1,117
"246",2009,48.9,"planted_area","soy","df",1294.11,7.31,33.37,73.53,0.91,0,114
"247",2010,53,"planted_area","soy","df",1375.82,4.93,22.85,82.79,2.83,0,103
"248",2011,54.9,"planted_area","soy","df",1412.08,10.6,32.64,53.72,4.57,-1,106
"249",2012,55,"planted_area","soy","df",1327.49,30.99,26.06,58.34,17.55,0,110
"250",2013,55,"planted_area","soy","df",1408.29,29.24,34.1,85.92,45.61,-1,114
"251",2014,72,"planted_area","soy","df",1413.21,21.93,13.71,84.2,63.52,-1,108
"252",2015,56.1,"planted_area","soy","df",1005.91,157.76,22.04,57.33,92.14,-1,138
"253",2016,70,"planted_area","soy","df",1147.85,129.62,11.89,278,113.27,-1,129
"254",2017,70,"planted_area","soy","df",1382.94,NA,NA,NA,NA,-1,189
"255",2018,71.5,"planted_area","soy","df",NA,NA,NA,NA,NA,NA,NA
"256",1988,1679,"yield","soy","to",1795.07,NA,NA,67.88,NA,-1,150
"257",1989,1769,"yield","soy","to",1745.38,NA,NA,56.56,NA,0,146
"258",1990,1099,"yield","soy","to",1547.41,NA,NA,53.96,NA,0,143
"259",1991,1675,"yield","soy","to",1506.22,NA,NA,87.93,NA,-1,158
"260",1992,1600,"yield","soy","to",1531.46,NA,NA,82.04,NA,-1,155
"261",1993,1650,"yield","soy","to",1694.05,NA,NA,72.26,NA,0,150
"262",1994,1860,"yield","soy","to",1693.64,NA,NA,72.26,NA,-1,151
"263",1995,1957,"yield","soy","to",1600.18,NA,NA,76.69,NA,-1,155
"264",1996,1900,"yield","soy","to",1861.65,NA,NA,76.61,NA,0,141
"265",1997,900,"yield","soy","to",1309.01,NA,NA,56.47,NA,0,165
"266",1998,2000,"yield","soy","to",1485.1,NA,NA,115.99,NA,-1,151
"267",1999,2340,"yield","soy","to",1802.67,NA,NA,87.88,NA,-1,143
"268",2000,2420,"yield","soy","to",1552.2,NA,NA,60.64,NA,0,143
"269",2001,2100,"yield","soy","to",1689.77,NA,NA,64.25,NA,0,151
"270",2002,2500,"yield","soy","to",1561.11,NA,NA,54.94,NA,0,143
"271",2003,2550,"yield","soy","to",1736.65,18.46,14.24,89.66,3.75,-1,136
"272",2004,2490,"yield","soy","to",1634.92,33.2,24.19,70.49,4.69,-1,140
"273",2005,2590,"yield","soy","to",1705.45,24.31,29.59,68.77,11.62,-1,140
"274",2006,2263,"yield","soy","to",1521.44,27.52,34.88,76.05,13.29,-1,136
"275",2007,2415,"yield","soy","to",1581.94,75.93,35.63,64.74,11.73,-1,139
"276",2008,2747,"yield","soy","to",1804.5,59.71,81.25,79.9,12.67,-1,153
"277",2009,2750,"yield","soy","to",1538.35,163.81,28.1,72.02,22.24,0,155
"278",2010,2940,"yield","soy","to",1715.79,86.39,178.01,57.65,22.41,0,143
"279",2011,3032,"yield","soy","to",1651.77,13.41,27.94,58.45,47.73,-1,145
"280",2012,3065,"yield","soy","to",1549.35,187.66,81.98,48.82,57.87,0,149
"281",2013,2796,"yield","soy","to",1842.47,40.95,86.54,65.71,155.22,-1,167
"282",2014,2751,"yield","soy","to",1763.91,170.17,33.17,62.1,169.91,-1,158
"283",2015,2914,"yield","soy","to",1208.93,478.74,67.68,64.66,255.91,0,236
"284",2016,1937,"yield","soy","to",1590.99,645.4,84.1,155.33,345.94,-2,169
"285",2017,2932,"yield","soy","to",1671.63,NA,NA,NA,NA,-1,283
"286",2018,3135,"yield","soy","to",NA,NA,NA,NA,NA,NA,NA
"287",1985,900,"yield","soy","ma",1582.15,NA,NA,124.24,NA,-1,164
"288",1986,1563,"yield","soy","ma",1076.73,NA,NA,87.38,NA,0,167
"289",1987,1035,"yield","soy","ma",1275.11,NA,NA,208.01,NA,-1,176
"290",1988,1802,"yield","soy","ma",1370.91,NA,NA,139.59,NA,-1,171
"291",1989,1699,"yield","soy","ma",1180.68,NA,NA,129.78,NA,-1,166
"292",1990,419,"yield","soy","ma",1160.17,NA,NA,182.06,NA,0,169
"293",1991,1800,"yield","soy","ma",1026.05,NA,NA,166.06,NA,-1,190
"294",1992,1201,"yield","soy","ma",954.25,NA,NA,188.68,NA,-1,203
"295",1993,2135,"yield","soy","ma",1433.2,NA,NA,130.32,NA,-1,180
"296",1994,2200,"yield","soy","ma",1359.94,NA,NA,130.32,NA,-1,176
"297",1995,1850,"yield","soy","ma",1411.29,NA,NA,116.96,NA,-1,172
"298",1996,2240,"yield","soy","ma",1337.84,NA,NA,115.37,NA,-1,158
"299",1997,2100,"yield","soy","ma",880.92,NA,NA,110.38,NA,0,184
"300",1998,2100,"yield","soy","ma",1272.1,NA,NA,253.77,NA,-1,178
"301",1999,2400,"yield","soy","ma",1537.24,NA,NA,135.15,NA,0,171
"302",2000,2500,"yield","soy","ma",1203.55,NA,NA,86.4,NA,-1,159
"303",2001,2300,"yield","soy","ma",1240.49,NA,NA,151.93,NA,-1,167
"304",2002,2390,"yield","soy","ma",1123.57,NA,NA,120.96,NA,-1,178
"305",2003,2390,"yield","soy","ma",1345.71,12.16,23.24,167.01,0.28,-1,185
"306",2004,2698,"yield","soy","ma",1256.87,33.01,27.94,125.31,1.51,-1,167
"307",2005,2660,"yield","soy","ma",1406.73,11.51,34.78,126.42,0.56,-1,205
"308",2006,2680,"yield","soy","ma",1149.53,28.87,60.06,125.16,1.88,-1,166
"309",2007,2820,"yield","soy","ma",1429.64,114.65,117.27,174.14,12.33,-1,174
"310",2008,2996,"yield","soy","ma",1591.97,49.01,239.56,119.32,15.52,-1,192
"311",2009,2517,"yield","soy","ma",1112.6,114.7,104.42,101.94,39.4,-1,162
"312",2010,2650,"yield","soy","ma",1473.1,124.66,502.14,185.91,37.32,-1,172
"313",2011,3087,"yield","soy","ma",1093.22,14.89,108.98,100.86,94.49,-1,168
"314",2012,2949,"yield","soy","ma",1086.52,108.38,328.62,213.51,108.24,0,207
"315",2013,2877,"yield","soy","ma",1358.83,42.84,250.19,200.77,256.42,-1,176
"316",2014,2754,"yield","soy","ma",1227.94,180.7,172.53,128.72,348.95,-1,187
"317",2015,2761,"yield","soy","ma",901.36,467.47,404.85,158.42,473.14,-1,226
"318",2016,1590,"yield","soy","ma",1367.73,610.23,155.16,222.85,522.98,-1,206
"319",2017,3010,"yield","soy","ma",1230.11,NA,NA,NA,NA,-1,268
"320",2018,3125,"yield","soy","ma",NA,NA,NA,NA,NA,NA,NA
"321",1988,1000,"yield","soy","pi",1067.52,NA,NA,247.73,NA,-1,192
"322",1989,1000,"yield","soy","pi",997.95,NA,NA,202.37,NA,-1,191
"323",1990,1000,"yield","soy","pi",898.92,NA,NA,240.59,NA,0,196
"324",1994,1800,"yield","soy","pi",948.33,NA,NA,211.58,NA,-1,226
"325",1995,1850,"yield","soy","pi",1033.06,NA,NA,233.69,NA,-1,188
"326",1996,2250,"yield","soy","pi",1108.46,NA,NA,230.05,NA,-1,177
"327",1997,2000,"yield","soy","pi",784.18,NA,NA,182.43,NA,0,200
"328",1998,1995,"yield","soy","pi",911.63,NA,NA,276.66,NA,-1,219
"329",1999,2300,"yield","soy","pi",1113.93,NA,NA,258.43,NA,0,183
"330",2000,2500,"yield","soy","pi",881.85,NA,NA,180.15,NA,0,193
"331",2001,2300,"yield","soy","pi",930.73,NA,NA,259.47,NA,-1,195
"332",2002,1050,"yield","soy","pi",877.83,NA,NA,250.14,NA,-1,225
"333",2003,2650,"yield","soy","pi",1065.77,2.44,9.4,258.47,0,-1,226
"334",2004,2490,"yield","soy","pi",1055.48,7.14,2.25,163.14,0,-1,199
"335",2005,2813,"yield","soy","pi",1025.18,10.96,4.79,182.4,0,-1,219
"336",2006,2347,"yield","soy","pi",865.73,13.97,6.11,190.75,0,-1,179
"337",2007,2212,"yield","soy","pi",1056.01,21.6,30.18,265.57,0.19,-1,212
"338",2008,3231,"yield","soy","pi",1139.78,17.46,33.86,164.68,0,-1,205
"339",2009,2815,"yield","soy","pi",937.76,12.4,4.61,161.63,0,-1,179
"340",2010,2531,"yield","soy","pi",1052.22,32.53,186.99,270.69,0.09,-1,196
"341",2011,2983,"yield","soy","pi",828.23,2.07,39.82,218.32,0.47,-1,198
"342",2012,2841,"yield","soy","pi",879.72,36.12,113.64,272.71,2.35,0,248
"343",2013,1678,"yield","soy","pi",1032.85,7.71,153.24,250.45,16.75,-1,200
"344",2014,2374,"yield","soy","pi",970.58,52.99,160.45,220.99,65.27,-1,206
"345",2015,2722,"yield","soy","pi",726.5,135.82,254.19,246.24,99.24,-1,247
"346",2016,1143,"yield","soy","pi",973.67,191.76,62.53,276.47,86.52,-1,237
"347",2017,2952,"yield","soy","pi",975.56,NA,NA,NA,NA,-1,281
"348",2018,3573,"yield","soy","pi",NA,NA,NA,NA,NA,NA,NA
"349",1980,1158,"yield","soy","ba",NA,NA,NA,NA,NA,-1,173
"350",1981,1583,"yield","soy","ba",1034.48,NA,NA,NA,NA,0,195
"351",1982,333,"yield","soy","ba",877.33,NA,NA,220.41,NA,0,199
"352",1983,900,"yield","soy","ba",973.01,NA,NA,242.01,NA,-1,195
"353",1984,1300,"yield","soy","ba",1056.31,NA,NA,236.7,NA,-1,175
"354",1985,1200,"yield","soy","ba",1156.12,NA,NA,217.96,NA,-1,146
"355",1986,1300,"yield","soy","ba",827.99,NA,NA,205.25,NA,-1,165
"356",1987,850,"yield","soy","ba",1090.19,NA,NA,258.99,NA,-1,202
"357",1988,1500,"yield","soy","ba",964.1,NA,NA,194.64,NA,0,173
"358",1989,1550,"yield","soy","ba",1163.34,NA,NA,248.79,NA,-1,186
"359",1990,700,"yield","soy","ba",939.44,NA,NA,156.91,NA,-1,188
"360",1991,2000,"yield","soy","ba",1184.36,NA,NA,238.57,NA,-1,211
"361",1992,1500,"yield","soy","ba",961.44,NA,NA,152.04,NA,-1,195
"362",1993,1555,"yield","soy","ba",1072.53,NA,NA,195.07,NA,-1,192
"363",1994,2000,"yield","soy","ba",915.67,NA,NA,195.07,NA,-1,210
"364",1995,2280,"yield","soy","ba",932.16,NA,NA,225.27,NA,-1,195
"365",1996,1615,"yield","soy","ba",1223.12,NA,NA,262.13,NA,-1,174
"366",1997,2220,"yield","soy","ba",797.97,NA,NA,146.47,NA,-1,183
"367",1998,2160,"yield","soy","ba",944.32,NA,NA,275.06,NA,-1,205
"368",1999,1983,"yield","soy","ba",1243.66,NA,NA,247.11,NA,-1,168
"369",2000,2400,"yield","soy","ba",956.84,NA,NA,114.32,NA,0,196
"370",2001,2100,"yield","soy","ba",902.16,NA,NA,249.22,NA,-1,190
"371",2002,1830,"yield","soy","ba",918.14,NA,NA,257.1,NA,-1,196
"372",2003,1830,"yield","soy","ba",1160.03,22.54,22.46,252.97,2.87,-1,210
"373",2004,2700,"yield","soy","ba",1056.98,66.63,104.25,155.15,3.62,-1,190
"374",2005,2760,"yield","soy","ba",1058.88,110.45,101.82,204.82,4.54,-1,189
"375",2006,2282,"yield","soy","ba",922.43,90.07,114.26,189.07,5.01,-1,168
"376",2007,2700,"yield","soy","ba",937.29,91.36,163.38,266.63,13.72,-1,198
"377",2008,3036,"yield","soy","ba",1145.91,45.56,166.76,239.96,3.25,-1,196
"378",2009,2552,"yield","soy","ba",972.02,46.78,68.83,148.71,4.08,0,169
"379",2010,3060,"yield","soy","ba",1107.96,203.37,200.47,254.59,1.39,-1,188
"380",2011,3360,"yield","soy","ba",903.48,38.32,199.99,195.37,4.8,-1,185
"381",2012,2860,"yield","soy","ba",900.29,128.61,186.59,254.81,4.73,-1,214
"382",2013,2100,"yield","soy","ba",1069.98,30.15,419.6,240.22,13.62,0,193
"383",2014,2520,"yield","soy","ba",1027.31,105.37,303.38,195.9,27.67,-1,192
"384",2015,2940,"yield","soy","ba",775.79,313.38,602.84,209.88,49.21,0,232
"385",2016,2103,"yield","soy","ba",870.36,469.03,768.68,275.39,33.54,-1,215
"386",2017,3242,"yield","soy","ba",971.23,NA,NA,NA,NA,-1,265
"387",2018,3960,"yield","soy","ba",NA,NA,NA,NA,NA,NA,NA
"388",1977,1452,"yield","soy","mt",NA,NA,NA,NA,NA,NA,139
"389",1978,1333,"yield","soy","mt",NA,NA,NA,NA,NA,0,139
"390",1979,1368,"yield","soy","mt",NA,NA,NA,NA,NA,0,163
"391",1980,1670,"yield","soy","mt",NA,NA,NA,NA,NA,-1,141
"392",1981,1797,"yield","soy","mt",1998.02,NA,NA,NA,NA,-1,145
"393",1982,1850,"yield","soy","mt",1702.57,NA,NA,50.35,NA,0,159
"394",1983,1912,"yield","soy","mt",1730.22,NA,NA,77.25,NA,0,138
"395",1984,2000,"yield","soy","mt",1832.12,NA,NA,57.03,NA,0,138
"396",1985,2080,"yield","soy","mt",1748.56,NA,NA,55.68,NA,0,140
"397",1986,2100,"yield","soy","mt",1575.45,NA,NA,72.77,NA,-1,146
"398",1987,2170,"yield","soy","mt",1896.74,NA,NA,83.63,NA,-1,144
"399",1988,2000,"yield","soy","mt",1876.81,NA,NA,66.68,NA,-1,134
"400",1989,2160,"yield","soy","mt",1723.81,NA,NA,62.8,NA,-1,148
"401",1990,1930,"yield","soy","mt",1842.6,NA,NA,71.04,NA,0,134
"402",1991,2370,"yield","soy","mt",1730.93,NA,NA,63.98,NA,0,145
"403",1992,2400,"yield","soy","mt",1645.32,NA,NA,82.34,NA,0,140
"404",1993,2450,"yield","soy","mt",1752.94,NA,NA,87.84,NA,0,132
"405",1994,2490,"yield","soy","mt",1846.33,NA,NA,87.84,NA,0,141
"406",1995,2370,"yield","soy","mt",1695.56,NA,NA,74.16,NA,0,147
"407",1996,2460,"yield","soy","mt",1869.95,NA,NA,81.73,NA,-1,130
"408",1997,2730,"yield","soy","mt",1492.05,NA,NA,62.84,NA,0,172
"409",1998,2750,"yield","soy","mt",1652.44,NA,NA,90.61,NA,-1,163
"410",1999,2800,"yield","soy","mt",1706.88,NA,NA,67.37,NA,0,149
"411",2000,3030,"yield","soy","mt",1610.35,NA,NA,76.86,NA,-1,155
"412",2001,3090,"yield","soy","mt",1756.06,NA,NA,83.52,NA,-1,165
"413",2002,3045,"yield","soy","mt",1713.76,NA,NA,66.23,NA,0,149
"414",2003,2930,"yield","soy","mt",1832.58,287.25,2275.89,78.52,1574.36,-1,137
"415",2004,2864,"yield","soy","mt",1656.91,453.83,2471.85,79.67,2828.55,-1,137
"416",2005,2938,"yield","soy","mt",1820.82,564.7,4317.71,77.08,4109.23,-1,147
"417",2006,2695,"yield","soy","mt",1745.42,637.65,1764.35,65.7,5442.71,-1,147
"418",2007,2997,"yield","soy","mt",1800.16,872.73,3375.28,46.77,6607.98,-1,147
"419",2008,3145,"yield","soy","mt",1727.95,469.91,3113.01,68.31,10230.39,0,139
"420",2009,3082,"yield","soy","mt",1688.89,1784.06,2977.2,75.23,12612.63,0,151
"421",2010,3015,"yield","soy","mt",1765.53,1163.21,3288.3,73.41,14630.57,-1,136
"422",2011,3190,"yield","soy","mt",1781.86,445.55,3140.2,70.14,14697.02,-1,134
"423",2012,3130,"yield","soy","mt",1883.25,1555.51,1331.63,69.12,16702.9,-1,138
"424",2013,3010,"yield","soy","mt",2056.68,1297.99,2302.91,85.12,20756.64,-1,142
"425",2014,3069,"yield","soy","mt",1852.81,2530.33,1116.65,51.36,24519.49,0,142
"426",2015,3136,"yield","soy","mt",1484.19,9724.37,1604.64,69.84,21144.41,-1,214
"427",2016,2848,"yield","soy","mt",1984.59,8238.32,886.86,98.01,20235.94,-1,160
"428",2017,3273,"yield","soy","mt",1889.78,NA,NA,NA,NA,0,156
"429",2018,3394,"yield","soy","mt",NA,NA,NA,NA,NA,NA,NA
"430",1977,1324,"yield","soy","go",NA,NA,NA,NA,NA,NA,128
"431",1978,1010,"yield","soy","go",NA,NA,NA,NA,NA,0,128
"432",1979,1758,"yield","soy","go",NA,NA,NA,NA,NA,-1,149
"433",1980,1820,"yield","soy","go",NA,NA,NA,NA,NA,-1,145
"434",1981,1459,"yield","soy","go",1789.64,NA,NA,NA,NA,-1,144
"435",1982,1800,"yield","soy","go",1711.85,NA,NA,41.23,NA,0,147
"436",1983,1900,"yield","soy","go",1430.86,NA,NA,68.25,NA,-1,143
"437",1984,1615,"yield","soy","go",1603.08,NA,NA,72.57,NA,0,129
"438",1985,1835,"yield","soy","go",1371.2,NA,NA,75.43,NA,-1,135
"439",1986,1825,"yield","soy","go",1318.23,NA,NA,97.68,NA,-1,148
"440",1987,1900,"yield","soy","go",1651.02,NA,NA,111.58,NA,-1,143
"441",1988,1857,"yield","soy","go",1398.71,NA,NA,62.35,NA,-1,130
"442",1989,2000,"yield","soy","go",1519.08,NA,NA,86.29,NA,-1,138
"443",1990,1500,"yield","soy","go",1491.85,NA,NA,60.17,NA,0,128
"444",1991,2100,"yield","soy","go",1546.86,NA,NA,89.85,NA,-1,139
"445",1992,2200,"yield","soy","go",1430.69,NA,NA,76.69,NA,-1,133
"446",1993,2000,"yield","soy","go",1530.83,NA,NA,84.35,NA,-1,135
"447",1994,2190,"yield","soy","go",1463.31,NA,NA,84.35,NA,-1,146
"448",1995,1900,"yield","soy","go",1320.72,NA,NA,74.89,NA,0,151
"449",1996,2250,"yield","soy","go",1667.33,NA,NA,112.98,NA,-1,126
"450",1997,2500,"yield","soy","go",1290.71,NA,NA,62.85,NA,0,145
"451",1998,2520,"yield","soy","go",1315.24,NA,NA,118.44,NA,-1,151
"452",1999,2580,"yield","soy","go",1503,NA,NA,112.38,NA,-1,137
"453",2000,2800,"yield","soy","go",1311.95,NA,NA,63.62,NA,-1,138
"454",2001,2700,"yield","soy","go",1517.88,NA,NA,96.71,NA,-1,147
"455",2002,2850,"yield","soy","go",1397.97,NA,NA,66.03,NA,-1,142
"456",2003,2930,"yield","soy","go",1608.71,297.87,663.5,83.88,1381.66,-1,127
"457",2004,2390,"yield","soy","go",1402.63,547.97,704.14,70.91,1965.49,-1,132
"458",2005,2624,"yield","soy","go",1527.86,581.74,2391.53,76.61,2057.59,-1,140
"459",2006,2570,"yield","soy","go",1560.31,353.83,478.25,65.8,2182.02,-1,129
"460",2007,2790,"yield","soy","go",1515.22,712.75,928.54,58.76,2124.77,-1,140
"461",2008,3002,"yield","soy","go",1492.51,331.97,801.67,79.52,2971.08,-1,144
"462",2009,2963,"yield","soy","go",1415.64,1046.6,1255.67,77.26,3690.14,0,150
"463",2010,2880,"yield","soy","go",1609.69,607.69,674.92,78.24,4469.87,0,133
"464",2011,3140,"yield","soy","go",1417.41,437.5,901.42,64.55,5000.17,-1,144
"465",2012,3120,"yield","soy","go",1439.52,1154.66,705.15,75.44,6114.07,0,150
"466",2013,2965,"yield","soy","go",1502.02,1035.56,791.91,70.72,7108.88,-1,153
"467",2014,2900,"yield","soy","go",1524.54,989.13,276.39,80.07,6943.43,-1,146
"468",2015,2594,"yield","soy","go",1223.24,5839.31,519.45,67.08,6713.86,-1,193
"469",2016,3120,"yield","soy","go",1348.55,3975.18,460.86,132.16,6402.2,-1,153
"470",2017,3300,"yield","soy","go",1405.71,NA,NA,NA,NA,-1,260
"471",2018,3480,"yield","soy","go",NA,NA,NA,NA,NA,NA,NA
"472",1980,2100,"yield","soy","df",NA,NA,NA,NA,NA,-1,104
"473",1981,1667,"yield","soy","df",1724.87,NA,NA,NA,NA,0,109
"474",1982,1900,"yield","soy","df",1610.9,NA,NA,36.63,NA,0,104
"475",1983,2100,"yield","soy","df",1383.91,NA,NA,60.46,NA,-1,108
"476",1984,1857,"yield","soy","df",1336.02,NA,NA,52.9,NA,-1,98
"477",1985,2029,"yield","soy","df",1224.29,NA,NA,87,NA,-1,100
"478",1986,1717,"yield","soy","df",1177.15,NA,NA,191.84,NA,-1,111
"479",1987,2055,"yield","soy","df",1552.2,NA,NA,157.24,NA,-1,106
"480",1988,2000,"yield","soy","df",1318.26,NA,NA,68.55,NA,0,103
"481",1989,2179,"yield","soy","df",1542.59,NA,NA,70.96,NA,-1,107
"482",1990,1488,"yield","soy","df",1338.98,NA,NA,43.15,NA,-1,103
"483",1991,2350,"yield","soy","df",1636.64,NA,NA,93.37,NA,-1,104
"484",1992,2265,"yield","soy","df",1471.99,NA,NA,66.67,NA,-1,110
"485",1993,2000,"yield","soy","df",1478.08,NA,NA,86.42,NA,-1,111
"486",1994,2233,"yield","soy","df",1319.51,NA,NA,86.42,NA,0,112
"487",1995,1944,"yield","soy","df",1131.29,NA,NA,77,NA,0,115
"488",1996,1945,"yield","soy","df",1504.94,NA,NA,254.74,NA,-1,100
"489",1997,2400,"yield","soy","df",1191.26,NA,NA,74.46,NA,0,111
"490",1998,2420,"yield","soy","df",1186.36,NA,NA,163.51,NA,-1,112
"491",1999,2243,"yield","soy","df",1414.43,NA,NA,201.25,NA,-1,112
"492",2000,2765,"yield","soy","df",1192.08,NA,NA,54.55,NA,-1,112
"493",2001,2100,"yield","soy","df",1294.9,NA,NA,157.02,NA,-1,116
"494",2002,2690,"yield","soy","df",1199.09,NA,NA,147.16,NA,-1,115
"495",2003,2770,"yield","soy","df",1641.31,5.48,17.64,118.7,0.55,-1,104
"496",2004,2670,"yield","soy","df",1394.76,7.77,18.93,98.01,0.91,-1,115
"497",2005,3198,"yield","soy","df",1466.67,4.57,42.05,89.29,2.56,-1,109
"498",2006,2699,"yield","soy","df",1400.32,8.68,29.62,65.21,1.46,-1,103
"499",2007,2712,"yield","soy","df",1441.06,3.57,19.29,57.18,0.37,-1,101
"500",2008,3150,"yield","soy","df",1450.68,4.57,23.77,77.26,1.19,-1,117
"501",2009,3200,"yield","soy","df",1294.11,7.31,33.37,73.53,0.91,0,114
"502",2010,3196,"yield","soy","df",1375.82,4.93,22.85,82.79,2.83,0,103
"503",2011,3200,"yield","soy","df",1412.08,10.6,32.64,53.72,4.57,-1,106
"504",2012,3200,"yield","soy","df",1327.49,30.99,26.06,58.34,17.55,0,110
"505",2013,3395,"yield","soy","df",1408.29,29.24,34.1,85.92,45.61,-1,114
"506",2014,3000,"yield","soy","df",1413.21,21.93,13.71,84.2,63.52,-1,108
"507",2015,2626,"yield","soy","df",1005.91,157.76,22.04,57.33,92.14,-1,138
"508",2016,3300,"yield","soy","df",1147.85,129.62,11.89,278,113.27,-1,129
"509",2017,3450,"yield","soy","df",1382.94,NA,NA,NA,NA,-1,189
"510",2018,3540,"yield","soy","df",NA,NA,NA,NA,NA,NA,NA
"511",1988,47,"production","soy","to",1795.07,NA,NA,67.88,NA,-1,150
"512",1989,104.4,"production","soy","to",1745.38,NA,NA,56.56,NA,0,146
"513",1990,37.6,"production","soy","to",1547.41,NA,NA,53.96,NA,0,143
"514",1991,6.5,"production","soy","to",1506.22,NA,NA,87.93,NA,-1,158
"515",1992,19.2,"production","soy","to",1531.46,NA,NA,82.04,NA,-1,155
"516",1993,25.6,"production","soy","to",1694.05,NA,NA,72.26,NA,0,150
"517",1994,42.2,"production","soy","to",1693.64,NA,NA,72.26,NA,-1,151
"518",1995,32.5,"production","soy","to",1600.18,NA,NA,76.69,NA,-1,155
"519",1996,9.3,"production","soy","to",1861.65,NA,NA,76.61,NA,0,141
"520",1997,19.7,"production","soy","to",1309.01,NA,NA,56.47,NA,0,165
"521",1998,80.2,"production","soy","to",1485.1,NA,NA,115.99,NA,-1,151
"522",1999,93.8,"production","soy","to",1802.67,NA,NA,87.88,NA,-1,143
"523",2000,136.7,"production","soy","to",1552.2,NA,NA,60.64,NA,0,143
"524",2001,138.6,"production","soy","to",1689.77,NA,NA,64.25,NA,0,151
"525",2002,262.5,"production","soy","to",1561.11,NA,NA,54.94,NA,0,143
"526",2003,377.7,"production","soy","to",1736.65,18.46,14.24,89.66,3.75,-1,136
"527",2004,606.6,"production","soy","to",1634.92,33.2,24.19,70.49,4.69,-1,140
"528",2005,921.3,"production","soy","to",1705.45,24.31,29.59,68.77,11.62,-1,140
"529",2006,700.4,"production","soy","to",1521.44,27.52,34.88,76.05,13.29,-1,136
"530",2007,646.5,"production","soy","to",1581.94,75.93,35.63,64.74,11.73,-1,139
"531",2008,910.9,"production","soy","to",1804.5,59.71,81.25,79.9,12.67,-1,153
"532",2009,856.4,"production","soy","to",1538.35,163.81,28.1,72.02,22.24,0,155
"533",2010,1071,"production","soy","to",1715.79,86.39,178.01,57.65,22.41,0,143
"534",2011,1227.1,"production","soy","to",1651.77,13.41,27.94,58.45,47.73,-1,145
"535",2012,1382.9,"production","soy","to",1549.35,187.66,81.98,48.82,57.87,0,149
"536",2013,1536.4,"production","soy","to",1842.47,40.95,86.54,65.71,155.22,-1,167
"537",2014,2058.8,"production","soy","to",1763.91,170.17,33.17,62.1,169.91,-1,158
"538",2015,2475.7,"production","soy","to",1208.93,478.74,67.68,64.66,255.91,0,236
"539",2016,1686.7,"production","soy","to",1590.99,645.4,84.1,155.33,345.94,-2,169
"540",2017,2826.4,"production","soy","to",1671.63,NA,NA,NA,NA,-1,283
"541",2018,3097.7,"production","soy","to",NA,NA,NA,NA,NA,NA,NA
"542",1985,9,"production","soy","ma",1582.15,NA,NA,124.24,NA,-1,164
"543",1986,13.6,"production","soy","ma",1076.73,NA,NA,87.38,NA,0,167
"544",1987,8.8,"production","soy","ma",1275.11,NA,NA,208.01,NA,-1,176
"545",1988,29.2,"production","soy","ma",1370.91,NA,NA,139.59,NA,-1,171
"546",1989,37.2,"production","soy","ma",1180.68,NA,NA,129.78,NA,-1,166
"547",1990,6.7,"production","soy","ma",1160.17,NA,NA,182.06,NA,0,169
"548",1991,8.3,"production","soy","ma",1026.05,NA,NA,166.06,NA,-1,190
"549",1992,25.3,"production","soy","ma",954.25,NA,NA,188.68,NA,-1,203
"550",1993,91.2,"production","soy","ma",1433.2,NA,NA,130.32,NA,-1,180
"551",1994,138.2,"production","soy","ma",1359.94,NA,NA,130.32,NA,-1,176
"552",1995,169.6,"production","soy","ma",1411.29,NA,NA,116.96,NA,-1,172
"553",1996,199.6,"production","soy","ma",1337.84,NA,NA,115.37,NA,-1,158
"554",1997,252,"production","soy","ma",880.92,NA,NA,110.38,NA,0,184
"555",1998,302.4,"production","soy","ma",1272.1,NA,NA,253.77,NA,-1,178
"556",1999,390.5,"production","soy","ma",1537.24,NA,NA,135.15,NA,0,171
"557",2000,439.3,"production","soy","ma",1203.55,NA,NA,86.4,NA,-1,159
"558",2001,483,"production","soy","ma",1240.49,NA,NA,151.93,NA,-1,167
"559",2002,569.5,"production","soy","ma",1123.57,NA,NA,120.96,NA,-1,178
"560",2003,654.9,"production","soy","ma",1345.71,12.16,23.24,167.01,0.28,-1,185
"561",2004,924.1,"production","soy","ma",1256.87,33.01,27.94,125.31,1.51,-1,167
"562",2005,997.5,"production","soy","ma",1406.73,11.51,34.78,126.42,0.56,-1,205
"563",2006,1025.1,"production","soy","ma",1149.53,28.87,60.06,125.16,1.88,-1,166
"564",2007,1084,"production","soy","ma",1429.64,114.65,117.27,174.14,12.33,-1,174
"565",2008,1262.8,"production","soy","ma",1591.97,49.01,239.56,119.32,15.52,-1,192
"566",2009,975.1,"production","soy","ma",1112.6,114.7,104.42,101.94,39.4,-1,162
"567",2010,1330.6,"production","soy","ma",1473.1,124.66,502.14,185.91,37.32,-1,172
"568",2011,1599.7,"production","soy","ma",1093.22,14.89,108.98,100.86,94.49,-1,168
"569",2012,1650.6,"production","soy","ma",1086.52,108.38,328.62,213.51,108.24,0,207
"570",2013,1685.9,"production","soy","ma",1358.83,42.84,250.19,200.77,256.42,-1,176
"571",2014,1823.7,"production","soy","ma",1227.94,180.7,172.53,128.72,348.95,-1,187
"572",2015,2069.6,"production","soy","ma",901.36,467.47,404.85,158.42,473.14,-1,226
"573",2016,1250.2,"production","soy","ma",1367.73,610.23,155.16,222.85,522.98,-1,206
"574",2017,2473.3,"production","soy","ma",1230.11,NA,NA,NA,NA,-1,268
"575",2018,2973.4,"production","soy","ma",NA,NA,NA,NA,NA,NA,NA
"576",1988,0.2,"production","soy","pi",1067.52,NA,NA,247.73,NA,-1,192
"577",1989,0.2,"production","soy","pi",997.95,NA,NA,202.37,NA,-1,191
"578",1990,0.4,"production","soy","pi",898.92,NA,NA,240.59,NA,0,196
"579",1994,12.2,"production","soy","pi",948.33,NA,NA,211.58,NA,-1,226
"580",1995,25.2,"production","soy","pi",1033.06,NA,NA,233.69,NA,-1,188
"581",1996,23,"production","soy","pi",1108.46,NA,NA,230.05,NA,-1,177
"582",1997,35.8,"production","soy","pi",784.18,NA,NA,182.43,NA,0,200
"583",1998,57.1,"production","soy","pi",911.63,NA,NA,276.66,NA,-1,219
"584",1999,68.8,"production","soy","pi",1113.93,NA,NA,258.43,NA,0,183
"585",2000,100,"production","soy","pi",881.85,NA,NA,180.15,NA,0,193
"586",2001,142.6,"production","soy","pi",930.73,NA,NA,259.47,NA,-1,195
"587",2002,91.1,"production","soy","pi",877.83,NA,NA,250.14,NA,-1,225
"588",2003,308.2,"production","soy","pi",1065.77,2.44,9.4,258.47,0,-1,226
"589",2004,396.7,"production","soy","pi",1055.48,7.14,2.25,163.14,0,-1,199
"590",2005,554.4,"production","soy","pi",1025.18,10.96,4.79,182.4,0,-1,219
"591",2006,544.5,"production","soy","pi",865.73,13.97,6.11,190.75,0,-1,179
"592",2007,486,"production","soy","pi",1056.01,21.6,30.18,265.57,0.19,-1,212
"593",2008,819.4,"production","soy","pi",1139.78,17.46,33.86,164.68,0,-1,205
"594",2009,768.8,"production","soy","pi",937.76,12.4,4.61,161.63,0,-1,179
"595",2010,868.4,"production","soy","pi",1052.22,32.53,186.99,270.69,0.09,-1,196
"596",2011,1144.3,"production","soy","pi",828.23,2.07,39.82,218.32,0.47,-1,198
"597",2012,1263.1,"production","soy","pi",879.72,36.12,113.64,272.71,2.35,0,248
"598",2013,916.9,"production","soy","pi",1032.85,7.71,153.24,250.45,16.75,-1,200
"599",2014,1489.2,"production","soy","pi",970.58,52.99,160.45,220.99,65.27,-1,206
"600",2015,1833.8,"production","soy","pi",726.5,135.82,254.19,246.24,99.24,-1,247
"601",2016,645.8,"production","soy","pi",973.67,191.76,62.53,276.47,86.52,-1,237
"602",2017,2048.1,"production","soy","pi",975.56,NA,NA,NA,NA,-1,281
"603",2018,2538.6,"production","soy","pi",NA,NA,NA,NA,NA,NA,NA
"604",1980,2.2,"production","soy","ba",NA,NA,NA,NA,NA,-1,173
"605",1981,3.8,"production","soy","ba",1034.48,NA,NA,NA,NA,0,195
"606",1982,0.4,"production","soy","ba",877.33,NA,NA,220.41,NA,0,199
"607",1983,4.5,"production","soy","ba",973.01,NA,NA,242.01,NA,-1,195
"608",1984,36.4,"production","soy","ba",1056.31,NA,NA,236.7,NA,-1,175
"609",1985,75.6,"production","soy","ba",1156.12,NA,NA,217.96,NA,-1,146
"610",1986,139.1,"production","soy","ba",827.99,NA,NA,205.25,NA,-1,165
"611",1987,144.5,"production","soy","ba",1090.19,NA,NA,258.99,NA,-1,202
"612",1988,342,"production","soy","ba",964.1,NA,NA,194.64,NA,0,173
"613",1989,596.8,"production","soy","ba",1163.34,NA,NA,248.79,NA,-1,186
"614",1990,256.2,"production","soy","ba",939.44,NA,NA,156.91,NA,-1,188
"615",1991,556,"production","soy","ba",1184.36,NA,NA,238.57,NA,-1,211
"616",1992,495,"production","soy","ba",961.44,NA,NA,152.04,NA,-1,195
"617",1993,590.9,"production","soy","ba",1072.53,NA,NA,195.07,NA,-1,192
"618",1994,868,"production","soy","ba",915.67,NA,NA,195.07,NA,-1,210
"619",1995,1073,"production","soy","ba",932.16,NA,NA,225.27,NA,-1,195
"620",1996,699.3,"production","soy","ba",1223.12,NA,NA,262.13,NA,-1,174
"621",1997,1012.3,"production","soy","ba",797.97,NA,NA,146.47,NA,-1,183
"622",1998,1201.6,"production","soy","ba",944.32,NA,NA,275.06,NA,-1,205
"623",1999,1150.5,"production","soy","ba",1243.66,NA,NA,247.11,NA,-1,168
"624",2000,1524.7,"production","soy","ba",956.84,NA,NA,114.32,NA,0,196
"625",2001,1450.3,"production","soy","ba",902.16,NA,NA,249.22,NA,-1,190
"626",2002,1464,"production","soy","ba",918.14,NA,NA,257.1,NA,-1,196
"627",2003,1556.2,"production","soy","ba",1160.03,22.54,22.46,252.97,2.87,-1,210
"628",2004,2218.1,"production","soy","ba",1056.98,66.63,104.25,155.15,3.62,-1,190
"629",2005,2401.2,"production","soy","ba",1058.88,110.45,101.82,204.82,4.54,-1,189
"630",2006,1991.3,"production","soy","ba",922.43,90.07,114.26,189.07,5.01,-1,168
"631",2007,2297.2,"production","soy","ba",937.29,91.36,163.38,266.63,13.72,-1,198
"632",2008,2747.6,"production","soy","ba",1145.91,45.56,166.76,239.96,3.25,-1,196
"633",2009,2418,"production","soy","ba",972.02,46.78,68.83,148.71,4.08,0,169
"634",2010,3110.5,"production","soy","ba",1107.96,203.37,200.47,254.59,1.39,-1,188
"635",2011,3507.5,"production","soy","ba",903.48,38.32,199.99,195.37,4.8,-1,185
"636",2012,3182.6,"production","soy","ba",900.29,128.61,186.59,254.81,4.73,-1,214
"637",2013,2692,"production","soy","ba",1069.98,30.15,419.6,240.22,13.62,0,193
"638",2014,3308,"production","soy","ba",1027.31,105.37,303.38,195.9,27.67,-1,192
"639",2015,4180.7,"production","soy","ba",775.79,313.38,602.84,209.88,49.21,0,232
"640",2016,3211.1,"production","soy","ba",870.36,469.03,768.68,275.39,33.54,-1,215
"641",2017,5123.3,"production","soy","ba",971.23,NA,NA,NA,NA,-1,265
"642",2018,6333.2,"production","soy","ba",NA,NA,NA,NA,NA,NA,NA
"643",1977,450,"production","soy","mt",NA,NA,NA,NA,NA,NA,139
"644",1978,8,"production","soy","mt",NA,NA,NA,NA,NA,0,139
"645",1979,26,"production","soy","mt",NA,NA,NA,NA,NA,0,163
"646",1980,116.9,"production","soy","mt",NA,NA,NA,NA,NA,-1,141
"647",1981,230,"production","soy","mt",1998.02,NA,NA,NA,NA,-1,145
"648",1982,360.7,"production","soy","mt",1702.57,NA,NA,50.35,NA,0,159
"649",1983,606,"production","soy","mt",1730.22,NA,NA,77.25,NA,0,138
"650",1984,934,"production","soy","mt",1832.12,NA,NA,57.03,NA,0,138
"651",1985,1653.6,"production","soy","mt",1748.56,NA,NA,55.68,NA,0,140
"652",1986,1910,"production","soy","mt",1575.45,NA,NA,72.77,NA,-1,146
"653",1987,2387,"production","soy","mt",1896.74,NA,NA,83.63,NA,-1,144
"654",1988,2750,"production","soy","mt",1876.81,NA,NA,66.68,NA,-1,134
"655",1989,3689.7,"production","soy","mt",1723.81,NA,NA,62.8,NA,-1,148
"656",1990,2900.8,"production","soy","mt",1842.6,NA,NA,71.04,NA,0,134
"657",1991,2607,"production","soy","mt",1730.93,NA,NA,63.98,NA,0,145
"658",1992,3484.8,"production","soy","mt",1645.32,NA,NA,82.34,NA,0,140
"659",1993,4197.8,"production","soy","mt",1752.94,NA,NA,87.84,NA,0,132
"660",1994,4970,"production","soy","mt",1846.33,NA,NA,87.84,NA,0,141
"661",1995,5440.1,"production","soy","mt",1695.56,NA,NA,74.16,NA,0,147
"662",1996,4686.8,"production","soy","mt",1869.95,NA,NA,81.73,NA,-1,130
"663",1997,5721.3,"production","soy","mt",1492.05,NA,NA,62.84,NA,0,172
"664",1998,7150,"production","soy","mt",1652.44,NA,NA,90.61,NA,-1,163
"665",1999,7134.4,"production","soy","mt",1706.88,NA,NA,67.37,NA,0,149
"666",2000,8801.2,"production","soy","mt",1610.35,NA,NA,76.86,NA,-1,155
"667",2001,9640.8,"production","soy","mt",1756.06,NA,NA,83.52,NA,-1,165
"668",2002,11733,"production","soy","mt",1713.76,NA,NA,66.23,NA,0,149
"669",2003,12949.4,"production","soy","mt",1832.58,287.25,2275.89,78.52,1574.36,-1,137
"670",2004,15008.8,"production","soy","mt",1656.91,453.83,2471.85,79.67,2828.55,-1,137
"671",2005,17937.1,"production","soy","mt",1820.82,564.7,4317.71,77.08,4109.23,-1,147
"672",2006,16700.4,"production","soy","mt",1745.42,637.65,1764.35,65.7,5442.71,-1,147
"673",2007,15359,"production","soy","mt",1800.16,872.73,3375.28,46.77,6607.98,-1,147
"674",2008,17847.9,"production","soy","mt",1727.95,469.91,3113.01,68.31,10230.39,0,139
"675",2009,17962.5,"production","soy","mt",1688.89,1784.06,2977.2,75.23,12612.63,0,151
"676",2010,18766.9,"production","soy","mt",1765.53,1163.21,3288.3,73.41,14630.57,-1,136
"677",2011,20412.2,"production","soy","mt",1781.86,445.55,3140.2,70.14,14697.02,-1,134
"678",2012,21849,"production","soy","mt",1883.25,1555.51,1331.63,69.12,16702.9,-1,138
"679",2013,23532.8,"production","soy","mt",2056.68,1297.99,2302.91,85.12,20756.64,-1,142
"680",2014,26441.6,"production","soy","mt",1852.81,2530.33,1116.65,51.36,24519.49,0,142
"681",2015,28018.6,"production","soy","mt",1484.19,9724.37,1604.64,69.84,21144.41,-1,214
"682",2016,26030.7,"production","soy","mt",1984.59,8238.32,886.86,98.01,20235.94,-1,160
"683",2017,30513.5,"production","soy","mt",1889.78,NA,NA,NA,NA,0,156
"684",2018,32306.1,"production","soy","mt",NA,NA,NA,NA,NA,NA,NA
"685",1977,90,"production","soy","go",NA,NA,NA,NA,NA,NA,128
"686",1978,98,"production","soy","go",NA,NA,NA,NA,NA,0,128
"687",1979,225,"production","soy","go",NA,NA,NA,NA,NA,-1,149
"688",1980,449.5,"production","soy","go",NA,NA,NA,NA,NA,-1,145
"689",1981,429,"production","soy","go",1789.64,NA,NA,NA,NA,-1,144
"690",1982,576,"production","soy","go",1711.85,NA,NA,41.23,NA,0,147
"691",1983,703,"production","soy","go",1430.86,NA,NA,68.25,NA,-1,143
"692",1984,922.2,"production","soy","go",1603.08,NA,NA,72.57,NA,0,129
"693",1985,1266.1,"production","soy","go",1371.2,NA,NA,75.43,NA,-1,135
"694",1986,1133.3,"production","soy","go",1318.23,NA,NA,97.68,NA,-1,148
"695",1987,1026,"production","soy","go",1651.02,NA,NA,111.58,NA,-1,143
"696",1988,1356,"production","soy","go",1398.71,NA,NA,62.35,NA,-1,130
"697",1989,1980,"production","soy","go",1519.08,NA,NA,86.29,NA,-1,138
"698",1990,1410.8,"production","soy","go",1491.85,NA,NA,60.17,NA,0,128
"699",1991,1659,"production","soy","go",1546.86,NA,NA,89.85,NA,-1,139
"700",1992,1804,"production","soy","go",1430.69,NA,NA,76.69,NA,-1,133
"701",1993,1968,"production","soy","go",1530.83,NA,NA,84.35,NA,-1,135
"702",1994,2387.1,"production","soy","go",1463.31,NA,NA,84.35,NA,-1,146
"703",1995,2133.1,"production","soy","go",1320.72,NA,NA,74.89,NA,0,151
"704",1996,2046.2,"production","soy","go",1667.33,NA,NA,112.98,NA,-1,126
"705",1997,2478,"production","soy","go",1290.71,NA,NA,62.85,NA,0,145
"706",1998,3372,"production","soy","go",1315.24,NA,NA,118.44,NA,-1,151
"707",1999,3417.7,"production","soy","go",1503,NA,NA,112.38,NA,-1,137
"708",2000,4072.6,"production","soy","go",1311.95,NA,NA,63.62,NA,-1,138
"709",2001,4158,"production","soy","go",1517.88,NA,NA,96.71,NA,-1,147
"710",2002,5420.4,"production","soy","go",1397.97,NA,NA,66.03,NA,-1,142
"711",2003,6359.6,"production","soy","go",1608.71,297.87,663.5,83.88,1381.66,-1,127
"712",2004,6147.1,"production","soy","go",1402.63,547.97,704.14,70.91,1965.49,-1,132
"713",2005,6985.1,"production","soy","go",1527.86,581.74,2391.53,76.61,2057.59,-1,140
"714",2006,6533.5,"production","soy","go",1560.31,353.83,478.25,65.8,2182.02,-1,129
"715",2007,6114,"production","soy","go",1515.22,712.75,928.54,58.76,2124.77,-1,140
"716",2008,6543.5,"production","soy","go",1492.51,331.97,801.67,79.52,2971.08,-1,144
"717",2009,6836.2,"production","soy","go",1415.64,1046.6,1255.67,77.26,3690.14,0,150
"718",2010,7342.6,"production","soy","go",1609.69,607.69,674.92,78.24,4469.87,0,133
"719",2011,8181.6,"production","soy","go",1417.41,437.5,901.42,64.55,5000.17,-1,144
"720",2012,8251.5,"production","soy","go",1439.52,1154.66,705.15,75.44,6114.07,0,150
"721",2013,8562.9,"production","soy","go",1502.02,1035.56,791.91,70.72,7108.88,-1,153
"722",2014,8994.9,"production","soy","go",1524.54,989.13,276.39,80.07,6943.43,-1,146
"723",2015,8625.1,"production","soy","go",1223.24,5839.31,519.45,67.08,6713.86,-1,193
"724",2016,10249.5,"production","soy","go",1348.55,3975.18,460.86,132.16,6402.2,-1,153
"725",2017,10819.1,"production","soy","go",1405.71,NA,NA,NA,NA,-1,260
"726",2018,11785.7,"production","soy","go",NA,NA,NA,NA,NA,NA,NA
"727",1980,16.8,"production","soy","df",NA,NA,NA,NA,NA,-1,104
"728",1981,25,"production","soy","df",1724.87,NA,NA,NA,NA,0,109
"729",1982,32.3,"production","soy","df",1610.9,NA,NA,36.63,NA,0,104
"730",1983,42,"production","soy","df",1383.91,NA,NA,60.46,NA,-1,108
"731",1984,55.7,"production","soy","df",1336.02,NA,NA,52.9,NA,-1,98
"732",1985,91.3,"production","soy","df",1224.29,NA,NA,87,NA,-1,100
"733",1986,83.8,"production","soy","df",1177.15,NA,NA,191.84,NA,-1,111
"734",1987,90,"production","soy","df",1552.2,NA,NA,157.24,NA,-1,106
"735",1988,85.4,"production","soy","df",1318.26,NA,NA,68.55,NA,0,103
"736",1989,122.7,"production","soy","df",1542.59,NA,NA,70.96,NA,-1,107
"737",1990,79.6,"production","soy","df",1338.98,NA,NA,43.15,NA,-1,103
"738",1991,101.3,"production","soy","df",1636.64,NA,NA,93.37,NA,-1,104
"739",1992,95.1,"production","soy","df",1471.99,NA,NA,66.67,NA,-1,110
"740",1993,89.4,"production","soy","df",1478.08,NA,NA,86.42,NA,-1,111
"741",1994,110.1,"production","soy","df",1319.51,NA,NA,86.42,NA,0,112
"742",1995,85.1,"production","soy","df",1131.29,NA,NA,77,NA,0,115
"743",1996,67.5,"production","soy","df",1504.94,NA,NA,254.74,NA,-1,100
"744",1997,83,"production","soy","df",1191.26,NA,NA,74.46,NA,0,111
"745",1998,86.2,"production","soy","df",1186.36,NA,NA,163.51,NA,-1,112
"746",1999,63.9,"production","soy","df",1414.43,NA,NA,201.25,NA,-1,112
"747",2000,92.9,"production","soy","df",1192.08,NA,NA,54.55,NA,-1,112
"748",2001,73.5,"production","soy","df",1294.9,NA,NA,157.02,NA,-1,116
"749",2002,101.4,"production","soy","df",1199.09,NA,NA,147.16,NA,-1,115
"750",2003,119.7,"production","soy","df",1641.31,5.48,17.64,118.7,0.55,-1,104
"751",2004,132.4,"production","soy","df",1394.76,7.77,18.93,98.01,0.91,-1,115
"752",2005,188.7,"production","soy","df",1466.67,4.57,42.05,89.29,2.56,-1,109
"753",2006,145.7,"production","soy","df",1400.32,8.68,29.62,65.21,1.46,-1,103
"754",2007,140.5,"production","soy","df",1441.06,3.57,19.29,57.18,0.37,-1,101
"755",2008,153.4,"production","soy","df",1450.68,4.57,23.77,77.26,1.19,-1,117
"756",2009,156.5,"production","soy","df",1294.11,7.31,33.37,73.53,0.91,0,114
"757",2010,169.4,"production","soy","df",1375.82,4.93,22.85,82.79,2.83,0,103
"758",2011,175.7,"production","soy","df",1412.08,10.6,32.64,53.72,4.57,-1,106
"759",2012,176,"production","soy","df",1327.49,30.99,26.06,58.34,17.55,0,110
"760",2013,186.7,"production","soy","df",1408.29,29.24,34.1,85.92,45.61,-1,114
"761",2014,216,"production","soy","df",1413.21,21.93,13.71,84.2,63.52,-1,108
"762",2015,147.3,"production","soy","df",1005.91,157.76,22.04,57.33,92.14,-1,138
"763",2016,231,"production","soy","df",1147.85,129.62,11.89,278,113.27,-1,129
"764",2017,241.5,"production","soy","df",1382.94,NA,NA,NA,NA,-1,189
"765",2018,253.1,"production","soy","df",NA,NA,NA,NA,NA,NA,NA
"766",2004,2,"planted_area","corn","to",1634.92,33.2,24.19,70.49,4.69,-1,140
"767",2005,0.9,"planted_area","corn","to",1705.45,24.31,29.59,68.77,11.62,-1,140
"768",2006,0.9,"planted_area","corn","to",1521.44,27.52,34.88,76.05,13.29,-1,136
"769",2007,9.9,"planted_area","corn","to",1581.94,75.93,35.63,64.74,11.73,-1,139
"770",2008,10.6,"planted_area","corn","to",1804.5,59.71,81.25,79.9,12.67,-1,153
"771",2009,9.7,"planted_area","corn","to",1538.35,163.81,28.1,72.02,22.24,0,155
"772",2010,10.8,"planted_area","corn","to",1715.79,86.39,178.01,57.65,22.41,0,143
"773",2011,28.7,"planted_area","corn","to",1651.77,13.41,27.94,58.45,47.73,-1,145
"774",2012,44.4,"planted_area","corn","to",1549.35,187.66,81.98,48.82,57.87,0,149
"775",2013,40.9,"planted_area","corn","to",1842.47,40.95,86.54,65.71,155.22,-1,167
"776",2014,100.9,"planted_area","corn","to",1763.91,170.17,33.17,62.1,169.91,-1,158
"777",2015,154,"planted_area","corn","to",1208.93,478.74,67.68,64.66,255.91,0,236
"778",2016,95.6,"planted_area","corn","to",1590.99,645.4,84.1,155.33,345.94,-2,169
"779",2017,155.3,"planted_area","corn","to",1671.63,NA,NA,NA,NA,-1,283
"780",2018,157.9,"planted_area","corn","to",NA,NA,NA,NA,NA,NA,NA
"781",2012,70.6,"planted_area","corn","ma",1086.52,108.38,328.62,213.51,108.24,0,207
"782",2013,133.7,"planted_area","corn","ma",1358.83,42.84,250.19,200.77,256.42,-1,176
"783",2014,227.4,"planted_area","corn","ma",1227.94,180.7,172.53,128.72,348.95,-1,187
"784",2015,134.2,"planted_area","corn","ma",901.36,467.47,404.85,158.42,473.14,-1,226
"785",2016,85.9,"planted_area","corn","ma",1367.73,610.23,155.16,222.85,522.98,-1,206
"786",2017,198.9,"planted_area","corn","ma",1230.11,NA,NA,NA,NA,-1,268
"787",2018,172.4,"planted_area","corn","ma",NA,NA,NA,NA,NA,NA,NA
"788",2012,20.9,"planted_area","corn","pi",879.72,36.12,113.64,272.71,2.35,0,248
"789",2013,13.7,"planted_area","corn","pi",1032.85,7.71,153.24,250.45,16.75,-1,200
"790",2014,33.4,"planted_area","corn","pi",970.58,52.99,160.45,220.99,65.27,-1,206
"791",2015,25.9,"planted_area","corn","pi",726.5,135.82,254.19,246.24,99.24,-1,247
"792",2016,21.5,"planted_area","corn","pi",973.67,191.76,62.53,276.47,86.52,-1,237
"793",2017,49.2,"planted_area","corn","pi",975.56,NA,NA,NA,NA,-1,281
"794",2018,63.2,"planted_area","corn","pi",NA,NA,NA,NA,NA,NA,NA
"795",1980,146,"planted_area","corn","ba",NA,NA,NA,NA,NA,-1,173
"796",1981,243,"planted_area","corn","ba",1034.48,NA,NA,NA,NA,0,195
"797",1982,228,"planted_area","corn","ba",877.33,NA,NA,220.41,NA,0,199
"798",1983,103.9,"planted_area","corn","ba",973.01,NA,NA,242.01,NA,-1,195
"799",1984,165,"planted_area","corn","ba",1056.31,NA,NA,236.7,NA,-1,175
"800",1985,173,"planted_area","corn","ba",1156.12,NA,NA,217.96,NA,-1,146
"801",1986,260,"planted_area","corn","ba",827.99,NA,NA,205.25,NA,-1,165
"802",1987,309,"planted_area","corn","ba",1090.19,NA,NA,258.99,NA,-1,202
"803",1988,358,"planted_area","corn","ba",964.1,NA,NA,194.64,NA,0,173
"804",1989,320.8,"planted_area","corn","ba",1163.34,NA,NA,248.79,NA,-1,186
"805",1990,261.9,"planted_area","corn","ba",939.44,NA,NA,156.91,NA,-1,188
"806",1991,295,"planted_area","corn","ba",1184.36,NA,NA,238.57,NA,-1,211
"807",1992,295,"planted_area","corn","ba",961.44,NA,NA,152.04,NA,-1,195
"808",1993,90,"planted_area","corn","ba",1072.53,NA,NA,195.07,NA,-1,192
"809",1994,109.3,"planted_area","corn","ba",915.67,NA,NA,195.07,NA,-1,210
"810",1995,214,"planted_area","corn","ba",932.16,NA,NA,225.27,NA,-1,195
"811",1996,214,"planted_area","corn","ba",1223.12,NA,NA,262.13,NA,-1,174
"812",1997,310,"planted_area","corn","ba",797.97,NA,NA,146.47,NA,-1,183
"813",1998,207.7,"planted_area","corn","ba",944.32,NA,NA,275.06,NA,-1,205
"814",1999,319.9,"planted_area","corn","ba",1243.66,NA,NA,247.11,NA,-1,168
"815",2000,303.9,"planted_area","corn","ba",956.84,NA,NA,114.32,NA,0,196
"816",2001,280.5,"planted_area","corn","ba",902.16,NA,NA,249.22,NA,-1,190
"817",2002,322.6,"planted_area","corn","ba",918.14,NA,NA,257.1,NA,-1,196
"818",2003,317.8,"planted_area","corn","ba",1160.03,22.54,22.46,252.97,2.87,-1,210
"819",2004,298.6,"planted_area","corn","ba",1056.98,66.63,104.25,155.15,3.62,-1,190
"820",2005,386.7,"planted_area","corn","ba",1058.88,110.45,101.82,204.82,4.54,-1,189
"821",2006,382.8,"planted_area","corn","ba",922.43,90.07,114.26,189.07,5.01,-1,168
"822",2007,386.6,"planted_area","corn","ba",937.29,91.36,163.38,266.63,13.72,-1,198
"823",2008,353.6,"planted_area","corn","ba",1145.91,45.56,166.76,239.96,3.25,-1,196
"824",2009,305.9,"planted_area","corn","ba",972.02,46.78,68.83,148.71,4.08,0,169
"825",2010,355,"planted_area","corn","ba",1107.96,203.37,200.47,254.59,1.39,-1,188
"826",2011,364.9,"planted_area","corn","ba",903.48,38.32,199.99,195.37,4.8,-1,185
"827",2012,176.2,"planted_area","corn","ba",900.29,128.61,186.59,254.81,4.73,-1,214
"828",2013,241.4,"planted_area","corn","ba",1069.98,30.15,419.6,240.22,13.62,0,193
"829",2014,268,"planted_area","corn","ba",1027.31,105.37,303.38,195.9,27.67,-1,192
"830",2015,252.5,"planted_area","corn","ba",775.79,313.38,602.84,209.88,49.21,0,232
"831",2016,247.3,"planted_area","corn","ba",870.36,469.03,768.68,275.39,33.54,-1,215
"832",2017,265.1,"planted_area","corn","ba",971.23,NA,NA,NA,NA,-1,265
"833",2018,230.9,"planted_area","corn","ba",NA,NA,NA,NA,NA,NA,NA
"834",1992,35,"planted_area","corn","mt",1645.32,NA,NA,82.34,NA,0,140
"835",1993,93.4,"planted_area","corn","mt",1752.94,NA,NA,87.84,NA,0,132
"836",1994,170,"planted_area","corn","mt",1846.33,NA,NA,87.84,NA,0,141
"837",1995,185,"planted_area","corn","mt",1695.56,NA,NA,74.16,NA,0,147
"838",1996,251.6,"planted_area","corn","mt",1869.95,NA,NA,81.73,NA,-1,130
"839",1997,352.2,"planted_area","corn","mt",1492.05,NA,NA,62.84,NA,0,172
"840",1998,366.3,"planted_area","corn","mt",1652.44,NA,NA,90.61,NA,-1,163
"841",1999,362.6,"planted_area","corn","mt",1706.88,NA,NA,67.37,NA,0,149
"842",2000,366.2,"planted_area","corn","mt",1610.35,NA,NA,76.86,NA,-1,155
"843",2001,322.9,"planted_area","corn","mt",1756.06,NA,NA,83.52,NA,-1,165
"844",2002,558.6,"planted_area","corn","mt",1713.76,NA,NA,66.23,NA,0,149
"845",2003,703.8,"planted_area","corn","mt",1832.58,287.25,2275.89,78.52,1574.36,-1,137
"846",2004,809.4,"planted_area","corn","mt",1656.91,453.83,2471.85,79.67,2828.55,-1,137
"847",2005,925,"planted_area","corn","mt",1820.82,564.7,4317.71,77.08,4109.23,-1,147
"848",2006,911.1,"planted_area","corn","mt",1745.42,637.65,1764.35,65.7,5442.71,-1,147
"849",2007,1421.3,"planted_area","corn","mt",1800.16,872.73,3375.28,46.77,6607.98,-1,147
"850",2008,1656,"planted_area","corn","mt",1727.95,469.91,3113.01,68.31,10230.39,0,139
"851",2009,1509.3,"planted_area","corn","mt",1688.89,1784.06,2977.2,75.23,12612.63,0,151
"852",2010,1904.9,"planted_area","corn","mt",1765.53,1163.21,3288.3,73.41,14630.57,-1,136
"853",2011,1836.3,"planted_area","corn","mt",1781.86,445.55,3140.2,70.14,14697.02,-1,134
"854",2012,2645.4,"planted_area","corn","mt",1883.25,1555.51,1331.63,69.12,16702.9,-1,138
"855",2013,3349.1,"planted_area","corn","mt",2056.68,1297.99,2302.91,85.12,20756.64,-1,142
"856",2014,3230.2,"planted_area","corn","mt",1852.81,2530.33,1116.65,51.36,24519.49,0,142
"857",2015,3352.9,"planted_area","corn","mt",1484.19,9724.37,1604.64,69.84,21144.41,-1,214
"858",2016,3769,"planted_area","corn","mt",1984.59,8238.32,886.86,98.01,20235.94,-1,160
"859",2017,4605.7,"planted_area","corn","mt",1889.78,NA,NA,NA,NA,0,156
"860",2018,4471.2,"planted_area","corn","mt",NA,NA,NA,NA,NA,NA,NA
"861",1992,12,"planted_area","corn","go",1430.69,NA,NA,76.69,NA,-1,133
"862",1993,44.1,"planted_area","corn","go",1530.83,NA,NA,84.35,NA,-1,135
"863",1994,135,"planted_area","corn","go",1463.31,NA,NA,84.35,NA,-1,146
"864",1995,86.5,"planted_area","corn","go",1320.72,NA,NA,74.89,NA,0,151
"865",1996,129.8,"planted_area","corn","go",1667.33,NA,NA,112.98,NA,-1,126
"866",1997,207.7,"planted_area","corn","go",1290.71,NA,NA,62.85,NA,0,145
"867",1998,205.6,"planted_area","corn","go",1315.24,NA,NA,118.44,NA,-1,151
"868",1999,236.4,"planted_area","corn","go",1503,NA,NA,112.38,NA,-1,137
"869",2000,264.8,"planted_area","corn","go",1311.95,NA,NA,63.62,NA,-1,138
"870",2001,165.6,"planted_area","corn","go",1517.88,NA,NA,96.71,NA,-1,147
"871",2002,265,"planted_area","corn","go",1397.97,NA,NA,66.03,NA,-1,142
"872",2003,238.5,"planted_area","corn","go",1608.71,297.87,663.5,83.88,1381.66,-1,127
"873",2004,205.1,"planted_area","corn","go",1402.63,547.97,704.14,70.91,1965.49,-1,132
"874",2005,180.5,"planted_area","corn","go",1527.86,581.74,2391.53,76.61,2057.59,-1,140
"875",2006,202.2,"planted_area","corn","go",1560.31,353.83,478.25,65.8,2182.02,-1,129
"876",2007,244.7,"planted_area","corn","go",1515.22,712.75,928.54,58.76,2124.77,-1,140
"877",2008,271.3,"planted_area","corn","go",1492.51,331.97,801.67,79.52,2971.08,-1,144
"878",2009,371.4,"planted_area","corn","go",1415.64,1046.6,1255.67,77.26,3690.14,0,150
"879",2010,434.9,"planted_area","corn","go",1609.69,607.69,674.92,78.24,4469.87,0,133
"880",2011,539.3,"planted_area","corn","go",1417.41,437.5,901.42,64.55,5000.17,-1,144
"881",2012,694.6,"planted_area","corn","go",1439.52,1154.66,705.15,75.44,6114.07,0,150
"882",2013,838.6,"planted_area","corn","go",1502.02,1035.56,791.91,70.72,7108.88,-1,153
"883",2014,952.3,"planted_area","corn","go",1524.54,989.13,276.39,80.07,6943.43,-1,146
"884",2015,1112.3,"planted_area","corn","go",1223.24,5839.31,519.45,67.08,6713.86,-1,193
"885",2016,1274.7,"planted_area","corn","go",1348.55,3975.18,460.86,132.16,6402.2,-1,153
"886",2017,1260.7,"planted_area","corn","go",1405.71,NA,NA,NA,NA,-1,260
"887",2018,1230.4,"planted_area","corn","go",NA,NA,NA,NA,NA,NA,NA
"888",1998,2.7,"planted_area","corn","df",1186.36,NA,NA,163.51,NA,-1,112
"889",1999,5.6,"planted_area","corn","df",1414.43,NA,NA,201.25,NA,-1,112
"890",2000,5.2,"planted_area","corn","df",1192.08,NA,NA,54.55,NA,-1,112
"891",2001,5.2,"planted_area","corn","df",1294.9,NA,NA,157.02,NA,-1,116
"892",2002,5.7,"planted_area","corn","df",1199.09,NA,NA,147.16,NA,-1,115
"893",2003,6.4,"planted_area","corn","df",1641.31,5.48,17.64,118.7,0.55,-1,104
"894",2004,6.4,"planted_area","corn","df",1394.76,7.77,18.93,98.01,0.91,-1,115
"895",2005,6.7,"planted_area","corn","df",1466.67,4.57,42.05,89.29,2.56,-1,109
"896",2006,6.2,"planted_area","corn","df",1400.32,8.68,29.62,65.21,1.46,-1,103
"897",2007,7.7,"planted_area","corn","df",1441.06,3.57,19.29,57.18,0.37,-1,101
"898",2008,8.3,"planted_area","corn","df",1450.68,4.57,23.77,77.26,1.19,-1,117
"899",2009,4.8,"planted_area","corn","df",1294.11,7.31,33.37,73.53,0.91,0,114
"900",2010,7.5,"planted_area","corn","df",1375.82,4.93,22.85,82.79,2.83,0,103
"901",2011,4.9,"planted_area","corn","df",1412.08,10.6,32.64,53.72,4.57,-1,106
"902",2012,8.7,"planted_area","corn","df",1327.49,30.99,26.06,58.34,17.55,0,110
"903",2013,18.4,"planted_area","corn","df",1408.29,29.24,34.1,85.92,45.61,-1,114
"904",2014,50,"planted_area","corn","df",1413.21,21.93,13.71,84.2,63.52,-1,108
"905",2015,38.4,"planted_area","corn","df",1005.91,157.76,22.04,57.33,92.14,-1,138
"906",2016,38.4,"planted_area","corn","df",1147.85,129.62,11.89,278,113.27,-1,129
"907",2017,38.4,"planted_area","corn","df",1382.94,NA,NA,NA,NA,-1,189
"908",2018,35.8,"planted_area","corn","df",NA,NA,NA,NA,NA,NA,NA
"909",2004,2700,"yield","corn","to",1634.92,33.2,24.19,70.49,4.69,-1,140
"910",2005,3600,"yield","corn","to",1705.45,24.31,29.59,68.77,11.62,-1,140
"911",2006,3190,"yield","corn","to",1521.44,27.52,34.88,76.05,13.29,-1,136
"912",2007,3190,"yield","corn","to",1581.94,75.93,35.63,64.74,11.73,-1,139
"913",2008,4057,"yield","corn","to",1804.5,59.71,81.25,79.9,12.67,-1,153
"914",2009,5450,"yield","corn","to",1538.35,163.81,28.1,72.02,22.24,0,155
"915",2010,3091,"yield","corn","to",1715.79,86.39,178.01,57.65,22.41,0,143
"916",2011,4691,"yield","corn","to",1651.77,13.41,27.94,58.45,47.73,-1,145
"917",2012,4215,"yield","corn","to",1549.35,187.66,81.98,48.82,57.87,0,149
"918",2013,4710,"yield","corn","to",1842.47,40.95,86.54,65.71,155.22,-1,167
"919",2014,4561,"yield","corn","to",1763.91,170.17,33.17,62.1,169.91,-1,158
"920",2015,4768,"yield","corn","to",1208.93,478.74,67.68,64.66,255.91,0,236
"921",2016,3063,"yield","corn","to",1590.99,645.4,84.1,155.33,345.94,-2,169
"922",2017,4402,"yield","corn","to",1671.63,NA,NA,NA,NA,-1,283
"923",2018,3374,"yield","corn","to",NA,NA,NA,NA,NA,NA,NA
"924",2012,2879,"yield","corn","ma",1086.52,108.38,328.62,213.51,108.24,0,207
"925",2013,4214,"yield","corn","ma",1358.83,42.84,250.19,200.77,256.42,-1,176
"926",2014,3813,"yield","corn","ma",1227.94,180.7,172.53,128.72,348.95,-1,187
"927",2015,3867,"yield","corn","ma",901.36,467.47,404.85,158.42,473.14,-1,226
"928",2016,1784,"yield","corn","ma",1367.73,610.23,155.16,222.85,522.98,-1,206
"929",2017,3572,"yield","corn","ma",1230.11,NA,NA,NA,NA,-1,268
"930",2018,2172,"yield","corn","ma",NA,NA,NA,NA,NA,NA,NA
"931",2012,4311,"yield","corn","pi",879.72,36.12,113.64,272.71,2.35,0,248
"932",2013,3891,"yield","corn","pi",1032.85,7.71,153.24,250.45,16.75,-1,200
"933",2014,4998,"yield","corn","pi",970.58,52.99,160.45,220.99,65.27,-1,206
"934",2015,4437,"yield","corn","pi",726.5,135.82,254.19,246.24,99.24,-1,247
"935",2016,1756,"yield","corn","pi",973.67,191.76,62.53,276.47,86.52,-1,237
"936",2017,2363,"yield","corn","pi",975.56,NA,NA,NA,NA,-1,281
"937",2018,1289,"yield","corn","pi",NA,NA,NA,NA,NA,NA,NA
"938",1980,540,"yield","corn","ba",NA,NA,NA,NA,NA,-1,173
"939",1981,523,"yield","corn","ba",1034.48,NA,NA,NA,NA,0,195
"940",1982,500,"yield","corn","ba",877.33,NA,NA,220.41,NA,0,199
"941",1983,320,"yield","corn","ba",973.01,NA,NA,242.01,NA,-1,195
"942",1984,470,"yield","corn","ba",1056.31,NA,NA,236.7,NA,-1,175
"943",1985,600,"yield","corn","ba",1156.12,NA,NA,217.96,NA,-1,146
"944",1986,500,"yield","corn","ba",827.99,NA,NA,205.25,NA,-1,165
"945",1987,400,"yield","corn","ba",1090.19,NA,NA,258.99,NA,-1,202
"946",1988,660,"yield","corn","ba",964.1,NA,NA,194.64,NA,0,173
"947",1989,590,"yield","corn","ba",1163.34,NA,NA,248.79,NA,-1,186
"948",1990,190,"yield","corn","ba",939.44,NA,NA,156.91,NA,-1,188
"949",1991,450,"yield","corn","ba",1184.36,NA,NA,238.57,NA,-1,211
"950",1992,300,"yield","corn","ba",961.44,NA,NA,152.04,NA,-1,195
"951",1993,150,"yield","corn","ba",1072.53,NA,NA,195.07,NA,-1,192
"952",1994,832,"yield","corn","ba",915.67,NA,NA,195.07,NA,-1,210
"953",1995,830,"yield","corn","ba",932.16,NA,NA,225.27,NA,-1,195
"954",1996,1119,"yield","corn","ba",1223.12,NA,NA,262.13,NA,-1,174
"955",1997,760,"yield","corn","ba",797.97,NA,NA,146.47,NA,-1,183
"956",1998,613,"yield","corn","ba",944.32,NA,NA,275.06,NA,-1,205
"957",1999,800,"yield","corn","ba",1243.66,NA,NA,247.11,NA,-1,168
"958",2000,840,"yield","corn","ba",956.84,NA,NA,114.32,NA,0,196
"959",2001,430,"yield","corn","ba",902.16,NA,NA,249.22,NA,-1,190
"960",2002,820,"yield","corn","ba",918.14,NA,NA,257.1,NA,-1,196
"961",2003,800,"yield","corn","ba",1160.03,22.54,22.46,252.97,2.87,-1,210
"962",2004,734,"yield","corn","ba",1056.98,66.63,104.25,155.15,3.62,-1,190
"963",2005,1080,"yield","corn","ba",1058.88,110.45,101.82,204.82,4.54,-1,189
"964",2006,1235,"yield","corn","ba",922.43,90.07,114.26,189.07,5.01,-1,168
"965",2007,1245,"yield","corn","ba",937.29,91.36,163.38,266.63,13.72,-1,198
"966",2008,1415,"yield","corn","ba",1145.91,45.56,166.76,239.96,3.25,-1,196
"967",2009,1510,"yield","corn","ba",972.02,46.78,68.83,148.71,4.08,0,169
"968",2010,1852,"yield","corn","ba",1107.96,203.37,200.47,254.59,1.39,-1,188
"969",2011,1029,"yield","corn","ba",903.48,38.32,199.99,195.37,4.8,-1,185
"970",2012,1250,"yield","corn","ba",900.29,128.61,186.59,254.81,4.73,-1,214
"971",2013,2071,"yield","corn","ba",1069.98,30.15,419.6,240.22,13.62,0,193
"972",2014,2630,"yield","corn","ba",1027.31,105.37,303.38,195.9,27.67,-1,192
"973",2015,1812,"yield","corn","ba",775.79,313.38,602.84,209.88,49.21,0,232
"974",2016,881,"yield","corn","ba",870.36,469.03,768.68,275.39,33.54,-1,215
"975",2017,1918,"yield","corn","ba",971.23,NA,NA,NA,NA,-1,265
"976",2018,875,"yield","corn","ba",NA,NA,NA,NA,NA,NA,NA
"977",1992,1500,"yield","corn","mt",1645.32,NA,NA,82.34,NA,0,140
"978",1993,1340,"yield","corn","mt",1752.94,NA,NA,87.84,NA,0,132
"979",1994,1800,"yield","corn","mt",1846.33,NA,NA,87.84,NA,0,141
"980",1995,2140,"yield","corn","mt",1695.56,NA,NA,74.16,NA,0,147
"981",1996,1850,"yield","corn","mt",1869.95,NA,NA,81.73,NA,-1,130
"982",1997,2100,"yield","corn","mt",1492.05,NA,NA,62.84,NA,0,172
"983",1998,2150,"yield","corn","mt",1652.44,NA,NA,90.61,NA,-1,163
"984",1999,1500,"yield","corn","mt",1706.88,NA,NA,67.37,NA,0,149
"985",2000,2100,"yield","corn","mt",1610.35,NA,NA,76.86,NA,-1,155
"986",2001,2950,"yield","corn","mt",1756.06,NA,NA,83.52,NA,-1,165
"987",2002,2720,"yield","corn","mt",1713.76,NA,NA,66.23,NA,0,149
"988",2003,3489,"yield","corn","mt",1832.58,287.25,2275.89,78.52,1574.36,-1,137
"989",2004,3420,"yield","corn","mt",1656.91,453.83,2471.85,79.67,2828.55,-1,137
"990",2005,3150,"yield","corn","mt",1820.82,564.7,4317.71,77.08,4109.23,-1,147
"991",2006,3900,"yield","corn","mt",1745.42,637.65,1764.35,65.7,5442.71,-1,147
"992",2007,3570,"yield","corn","mt",1800.16,872.73,3375.28,46.77,6607.98,-1,147
"993",2008,4237,"yield","corn","mt",1727.95,469.91,3113.01,68.31,10230.39,0,139
"994",2009,5003,"yield","corn","mt",1688.89,1784.06,2977.2,75.23,12612.63,0,151
"995",2010,4047,"yield","corn","mt",1765.53,1163.21,3288.3,73.41,14630.57,-1,136
"996",2011,3950,"yield","corn","mt",1781.86,445.55,3140.2,70.14,14697.02,-1,134
"997",2012,5680,"yield","corn","mt",1883.25,1555.51,1331.63,69.12,16702.9,-1,138
"998",2013,5780,"yield","corn","mt",2056.68,1297.99,2302.91,85.12,20756.64,-1,142
"999",2014,5457,"yield","corn","mt",1852.81,2530.33,1116.65,51.36,24519.49,0,142
"1000",2015,6056,"yield","corn","mt",1484.19,9724.37,1604.64,69.84,21144.41,-1,214
"1001",2016,3999,"yield","corn","mt",1984.59,8238.32,886.86,98.01,20235.94,-1,160
"1002",2017,6212,"yield","corn","mt",1889.78,NA,NA,NA,NA,0,156
"1003",2018,5860,"yield","corn","mt",NA,NA,NA,NA,NA,NA,NA
"1004",1992,2780,"yield","corn","go",1430.69,NA,NA,76.69,NA,-1,133
"1005",1993,1575,"yield","corn","go",1530.83,NA,NA,84.35,NA,-1,135
"1006",1994,2395,"yield","corn","go",1463.31,NA,NA,84.35,NA,-1,146
"1007",1995,2500,"yield","corn","go",1320.72,NA,NA,74.89,NA,0,151
"1008",1996,2500,"yield","corn","go",1667.33,NA,NA,112.98,NA,-1,126
"1009",1997,3100,"yield","corn","go",1290.71,NA,NA,62.85,NA,0,145
"1010",1998,3200,"yield","corn","go",1315.24,NA,NA,118.44,NA,-1,151
"1011",1999,2400,"yield","corn","go",1503,NA,NA,112.38,NA,-1,137
"1012",2000,2600,"yield","corn","go",1311.95,NA,NA,63.62,NA,-1,138
"1013",2001,3400,"yield","corn","go",1517.88,NA,NA,96.71,NA,-1,147
"1014",2002,3620,"yield","corn","go",1397.97,NA,NA,66.03,NA,-1,142
"1015",2003,4200,"yield","corn","go",1608.71,297.87,663.5,83.88,1381.66,-1,127
"1016",2004,4368,"yield","corn","go",1402.63,547.97,704.14,70.91,1965.49,-1,132
"1017",2005,3525,"yield","corn","go",1527.86,581.74,2391.53,76.61,2057.59,-1,140
"1018",2006,4000,"yield","corn","go",1560.31,353.83,478.25,65.8,2182.02,-1,129
"1019",2007,3765,"yield","corn","go",1515.22,712.75,928.54,58.76,2124.77,-1,140
"1020",2008,4670,"yield","corn","go",1492.51,331.97,801.67,79.52,2971.08,-1,144
"1021",2009,4569,"yield","corn","go",1415.64,1046.6,1255.67,77.26,3690.14,0,150
"1022",2010,4950,"yield","corn","go",1609.69,607.69,674.92,78.24,4469.87,0,133
"1023",2011,5400,"yield","corn","go",1417.41,437.5,901.42,64.55,5000.17,-1,144
"1024",2012,6043,"yield","corn","go",1439.52,1154.66,705.15,75.44,6114.07,0,150
"1025",2013,5744,"yield","corn","go",1502.02,1035.56,791.91,70.72,7108.88,-1,153
"1026",2014,6130,"yield","corn","go",1524.54,989.13,276.39,80.07,6943.43,-1,146
"1027",2015,6578,"yield","corn","go",1223.24,5839.31,519.45,67.08,6713.86,-1,193
"1028",2016,3537,"yield","corn","go",1348.55,3975.18,460.86,132.16,6402.2,-1,153
"1029",2017,6000,"yield","corn","go",1405.71,NA,NA,NA,NA,-1,260
"1030",2018,5200,"yield","corn","go",NA,NA,NA,NA,NA,NA,NA
"1031",1998,3393,"yield","corn","df",1186.36,NA,NA,163.51,NA,-1,112
"1032",1999,2602,"yield","corn","df",1414.43,NA,NA,201.25,NA,-1,112
"1033",2000,2210,"yield","corn","df",1192.08,NA,NA,54.55,NA,-1,112
"1034",2001,3000,"yield","corn","df",1294.9,NA,NA,157.02,NA,-1,116
"1035",2002,3000,"yield","corn","df",1199.09,NA,NA,147.16,NA,-1,115
"1036",2003,4150,"yield","corn","df",1641.31,5.48,17.64,118.7,0.55,-1,104
"1037",2004,3800,"yield","corn","df",1394.76,7.77,18.93,98.01,0.91,-1,115
"1038",2005,4647,"yield","corn","df",1466.67,4.57,42.05,89.29,2.56,-1,109
"1039",2006,4891,"yield","corn","df",1400.32,8.68,29.62,65.21,1.46,-1,103
"1040",2007,3188,"yield","corn","df",1441.06,3.57,19.29,57.18,0.37,-1,101
"1041",2008,5635,"yield","corn","df",1450.68,4.57,23.77,77.26,1.19,-1,117
"1042",2009,5350,"yield","corn","df",1294.11,7.31,33.37,73.53,0.91,0,114
"1043",2010,7304,"yield","corn","df",1375.82,4.93,22.85,82.79,2.83,0,103
"1044",2011,6900,"yield","corn","df",1412.08,10.6,32.64,53.72,4.57,-1,106
"1045",2012,6000,"yield","corn","df",1327.49,30.99,26.06,58.34,17.55,0,110
"1046",2013,9261,"yield","corn","df",1408.29,29.24,34.1,85.92,45.61,-1,114
"1047",2014,9000,"yield","corn","df",1413.21,21.93,13.71,84.2,63.52,-1,108
"1048",2015,9000,"yield","corn","df",1005.91,157.76,22.04,57.33,92.14,-1,138
"1049",2016,2400,"yield","corn","df",1147.85,129.62,11.89,278,113.27,-1,129
"1050",2017,7000,"yield","corn","df",1382.94,NA,NA,NA,NA,-1,189
"1051",2018,6500,"yield","corn","df",NA,NA,NA,NA,NA,NA,NA
"1052",2004,5.4,"production","corn","to",1634.92,33.2,24.19,70.49,4.69,-1,140
"1053",2005,3.2,"production","corn","to",1705.45,24.31,29.59,68.77,11.62,-1,140
"1054",2006,2.9,"production","corn","to",1521.44,27.52,34.88,76.05,13.29,-1,136
"1055",2007,31.6,"production","corn","to",1581.94,75.93,35.63,64.74,11.73,-1,139
"1056",2008,43,"production","corn","to",1804.5,59.71,81.25,79.9,12.67,-1,153
"1057",2009,52.9,"production","corn","to",1538.35,163.81,28.1,72.02,22.24,0,155
"1058",2010,33.4,"production","corn","to",1715.79,86.39,178.01,57.65,22.41,0,143
"1059",2011,134.6,"production","corn","to",1651.77,13.41,27.94,58.45,47.73,-1,145
"1060",2012,187.1,"production","corn","to",1549.35,187.66,81.98,48.82,57.87,0,149
"1061",2013,192.6,"production","corn","to",1842.47,40.95,86.54,65.71,155.22,-1,167
"1062",2014,460.2,"production","corn","to",1763.91,170.17,33.17,62.1,169.91,-1,158
"1063",2015,734.3,"production","corn","to",1208.93,478.74,67.68,64.66,255.91,0,236
"1064",2016,292.8,"production","corn","to",1590.99,645.4,84.1,155.33,345.94,-2,169
"1065",2017,683.6,"production","corn","to",1671.63,NA,NA,NA,NA,-1,283
"1066",2018,532.8,"production","corn","to",NA,NA,NA,NA,NA,NA,NA
"1067",2012,203.3,"production","corn","ma",1086.52,108.38,328.62,213.51,108.24,0,207
"1068",2013,563.4,"production","corn","ma",1358.83,42.84,250.19,200.77,256.42,-1,176
"1069",2014,867.1,"production","corn","ma",1227.94,180.7,172.53,128.72,348.95,-1,187
"1070",2015,519,"production","corn","ma",901.36,467.47,404.85,158.42,473.14,-1,226
"1071",2016,153.2,"production","corn","ma",1367.73,610.23,155.16,222.85,522.98,-1,206
"1072",2017,710.5,"production","corn","ma",1230.11,NA,NA,NA,NA,-1,268
"1073",2018,374.5,"production","corn","ma",NA,NA,NA,NA,NA,NA,NA
"1074",2012,90.1,"production","corn","pi",879.72,36.12,113.64,272.71,2.35,0,248
"1075",2013,53.3,"production","corn","pi",1032.85,7.71,153.24,250.45,16.75,-1,200
"1076",2014,166.9,"production","corn","pi",970.58,52.99,160.45,220.99,65.27,-1,206
"1077",2015,114.9,"production","corn","pi",726.5,135.82,254.19,246.24,99.24,-1,247
"1078",2016,37.8,"production","corn","pi",973.67,191.76,62.53,276.47,86.52,-1,237
"1079",2017,116.3,"production","corn","pi",975.56,NA,NA,NA,NA,-1,281
"1080",2018,81.5,"production","corn","pi",NA,NA,NA,NA,NA,NA,NA
"1081",1980,78.8,"production","corn","ba",NA,NA,NA,NA,NA,-1,173
"1082",1981,127,"production","corn","ba",1034.48,NA,NA,NA,NA,0,195
"1083",1982,114,"production","corn","ba",877.33,NA,NA,220.41,NA,0,199
"1084",1983,33.2,"production","corn","ba",973.01,NA,NA,242.01,NA,-1,195
"1085",1984,77.5,"production","corn","ba",1056.31,NA,NA,236.7,NA,-1,175
"1086",1985,103.8,"production","corn","ba",1156.12,NA,NA,217.96,NA,-1,146
"1087",1986,130,"production","corn","ba",827.99,NA,NA,205.25,NA,-1,165
"1088",1987,123.6,"production","corn","ba",1090.19,NA,NA,258.99,NA,-1,202
"1089",1988,236.3,"production","corn","ba",964.1,NA,NA,194.64,NA,0,173
"1090",1989,189.3,"production","corn","ba",1163.34,NA,NA,248.79,NA,-1,186
"1091",1990,49.8,"production","corn","ba",939.44,NA,NA,156.91,NA,-1,188
"1092",1991,132.8,"production","corn","ba",1184.36,NA,NA,238.57,NA,-1,211
"1093",1992,88.5,"production","corn","ba",961.44,NA,NA,152.04,NA,-1,195
"1094",1993,13.5,"production","corn","ba",1072.53,NA,NA,195.07,NA,-1,192
"1095",1994,90.9,"production","corn","ba",915.67,NA,NA,195.07,NA,-1,210
"1096",1995,177.6,"production","corn","ba",932.16,NA,NA,225.27,NA,-1,195
"1097",1996,239.5,"production","corn","ba",1223.12,NA,NA,262.13,NA,-1,174
"1098",1997,235.6,"production","corn","ba",797.97,NA,NA,146.47,NA,-1,183
"1099",1998,127.3,"production","corn","ba",944.32,NA,NA,275.06,NA,-1,205
"1100",1999,255.9,"production","corn","ba",1243.66,NA,NA,247.11,NA,-1,168
"1101",2000,255.3,"production","corn","ba",956.84,NA,NA,114.32,NA,0,196
"1102",2001,120.6,"production","corn","ba",902.16,NA,NA,249.22,NA,-1,190
"1103",2002,264.5,"production","corn","ba",918.14,NA,NA,257.1,NA,-1,196
"1104",2003,254.2,"production","corn","ba",1160.03,22.54,22.46,252.97,2.87,-1,210
"1105",2004,219.2,"production","corn","ba",1056.98,66.63,104.25,155.15,3.62,-1,190
"1106",2005,417.6,"production","corn","ba",1058.88,110.45,101.82,204.82,4.54,-1,189
"1107",2006,472.8,"production","corn","ba",922.43,90.07,114.26,189.07,5.01,-1,168
"1108",2007,481.3,"production","corn","ba",937.29,91.36,163.38,266.63,13.72,-1,198
"1109",2008,500.3,"production","corn","ba",1145.91,45.56,166.76,239.96,3.25,-1,196
"1110",2009,461.9,"production","corn","ba",972.02,46.78,68.83,148.71,4.08,0,169
"1111",2010,657.5,"production","corn","ba",1107.96,203.37,200.47,254.59,1.39,-1,188
"1112",2011,375.5,"production","corn","ba",903.48,38.32,199.99,195.37,4.8,-1,185
"1113",2012,220.3,"production","corn","ba",900.29,128.61,186.59,254.81,4.73,-1,214
"1114",2013,499.9,"production","corn","ba",1069.98,30.15,419.6,240.22,13.62,0,193
"1115",2014,704.8,"production","corn","ba",1027.31,105.37,303.38,195.9,27.67,-1,192
"1116",2015,457.5,"production","corn","ba",775.79,313.38,602.84,209.88,49.21,0,232
"1117",2016,217.9,"production","corn","ba",870.36,469.03,768.68,275.39,33.54,-1,215
"1118",2017,508.5,"production","corn","ba",971.23,NA,NA,NA,NA,-1,265
"1119",2018,202,"production","corn","ba",NA,NA,NA,NA,NA,NA,NA
"1120",1992,52.5,"production","corn","mt",1645.32,NA,NA,82.34,NA,0,140
"1121",1993,125.2,"production","corn","mt",1752.94,NA,NA,87.84,NA,0,132
"1122",1994,306,"production","corn","mt",1846.33,NA,NA,87.84,NA,0,141
"1123",1995,395.9,"production","corn","mt",1695.56,NA,NA,74.16,NA,0,147
"1124",1996,465.5,"production","corn","mt",1869.95,NA,NA,81.73,NA,-1,130
"1125",1997,739.6,"production","corn","mt",1492.05,NA,NA,62.84,NA,0,172
"1126",1998,787.5,"production","corn","mt",1652.44,NA,NA,90.61,NA,-1,163
"1127",1999,543.9,"production","corn","mt",1706.88,NA,NA,67.37,NA,0,149
"1128",2000,769,"production","corn","mt",1610.35,NA,NA,76.86,NA,-1,155
"1129",2001,952.6,"production","corn","mt",1756.06,NA,NA,83.52,NA,-1,165
"1130",2002,1519.4,"production","corn","mt",1713.76,NA,NA,66.23,NA,0,149
"1131",2003,2455.6,"production","corn","mt",1832.58,287.25,2275.89,78.52,1574.36,-1,137
"1132",2004,2768.1,"production","corn","mt",1656.91,453.83,2471.85,79.67,2828.55,-1,137
"1133",2005,2913.8,"production","corn","mt",1820.82,564.7,4317.71,77.08,4109.23,-1,147
"1134",2006,3553.3,"production","corn","mt",1745.42,637.65,1764.35,65.7,5442.71,-1,147
"1135",2007,5074,"production","corn","mt",1800.16,872.73,3375.28,46.77,6607.98,-1,147
"1136",2008,7016.5,"production","corn","mt",1727.95,469.91,3113.01,68.31,10230.39,0,139
"1137",2009,7551,"production","corn","mt",1688.89,1784.06,2977.2,75.23,12612.63,0,151
"1138",2010,7709.1,"production","corn","mt",1765.53,1163.21,3288.3,73.41,14630.57,-1,136
"1139",2011,7253.4,"production","corn","mt",1781.86,445.55,3140.2,70.14,14697.02,-1,134
"1140",2012,15025.9,"production","corn","mt",1883.25,1555.51,1331.63,69.12,16702.9,-1,138
"1141",2013,19357.8,"production","corn","mt",2056.68,1297.99,2302.91,85.12,20756.64,-1,142
"1142",2014,17627.2,"production","corn","mt",1852.81,2530.33,1116.65,51.36,24519.49,0,142
"1143",2015,20305.2,"production","corn","mt",1484.19,9724.37,1604.64,69.84,21144.41,-1,214
"1144",2016,15072.2,"production","corn","mt",1984.59,8238.32,886.86,98.01,20235.94,-1,160
"1145",2017,28610.6,"production","corn","mt",1889.78,NA,NA,NA,NA,0,156
"1146",2018,26201.2,"production","corn","mt",NA,NA,NA,NA,NA,NA,NA
"1147",1992,52.5,"production","corn","mt",1645.32,NA,NA,82.34,NA,0,140
"1148",1993,125.2,"production","corn","mt",1752.94,NA,NA,87.84,NA,0,132
"1149",1994,306,"production","corn","mt",1846.33,NA,NA,87.84,NA,0,141
"1150",1995,395.9,"production","corn","mt",1695.56,NA,NA,74.16,NA,0,147
"1151",1996,465.5,"production","corn","mt",1869.95,NA,NA,81.73,NA,-1,130
"1152",1997,739.6,"production","corn","mt",1492.05,NA,NA,62.84,NA,0,172
"1153",1998,787.5,"production","corn","mt",1652.44,NA,NA,90.61,NA,-1,163
"1154",1999,543.9,"production","corn","mt",1706.88,NA,NA,67.37,NA,0,149
"1155",2000,769,"production","corn","mt",1610.35,NA,NA,76.86,NA,-1,155
"1156",2001,952.6,"production","corn","mt",1756.06,NA,NA,83.52,NA,-1,165
"1157",2002,1519.4,"production","corn","mt",1713.76,NA,NA,66.23,NA,0,149
"1158",2003,2455.6,"production","corn","mt",1832.58,287.25,2275.89,78.52,1574.36,-1,137
"1159",2004,2768.1,"production","corn","mt",1656.91,453.83,2471.85,79.67,2828.55,-1,137
"1160",2005,2913.8,"production","corn","mt",1820.82,564.7,4317.71,77.08,4109.23,-1,147
"1161",2006,3553.3,"production","corn","mt",1745.42,637.65,1764.35,65.7,5442.71,-1,147
"1162",2007,5074,"production","corn","mt",1800.16,872.73,3375.28,46.77,6607.98,-1,147
"1163",2008,7016.5,"production","corn","mt",1727.95,469.91,3113.01,68.31,10230.39,0,139
"1164",2009,7551,"production","corn","mt",1688.89,1784.06,2977.2,75.23,12612.63,0,151
"1165",2010,7709.1,"production","corn","mt",1765.53,1163.21,3288.3,73.41,14630.57,-1,136
"1166",2011,7253.4,"production","corn","mt",1781.86,445.55,3140.2,70.14,14697.02,-1,134
"1167",2012,15025.9,"production","corn","mt",1883.25,1555.51,1331.63,69.12,16702.9,-1,138
"1168",2013,19357.8,"production","corn","mt",2056.68,1297.99,2302.91,85.12,20756.64,-1,142
"1169",2014,17627.2,"production","corn","mt",1852.81,2530.33,1116.65,51.36,24519.49,0,142
"1170",2015,20305.2,"production","corn","mt",1484.19,9724.37,1604.64,69.84,21144.41,-1,214
"1171",2016,15072.2,"production","corn","mt",1984.59,8238.32,886.86,98.01,20235.94,-1,160
"1172",2017,28610.6,"production","corn","mt",1889.78,NA,NA,NA,NA,0,156
"1173",2018,26201.2,"production","corn","mt",NA,NA,NA,NA,NA,NA,NA
"1174",1992,33.4,"production","corn","go",1430.69,NA,NA,76.69,NA,-1,133
"1175",1993,69.5,"production","corn","go",1530.83,NA,NA,84.35,NA,-1,135
"1176",1994,323.3,"production","corn","go",1463.31,NA,NA,84.35,NA,-1,146
"1177",1995,216.3,"production","corn","go",1320.72,NA,NA,74.89,NA,0,151
"1178",1996,324.5,"production","corn","go",1667.33,NA,NA,112.98,NA,-1,126
"1179",1997,643.9,"production","corn","go",1290.71,NA,NA,62.85,NA,0,145
"1180",1998,657.9,"production","corn","go",1315.24,NA,NA,118.44,NA,-1,151
"1181",1999,567.4,"production","corn","go",1503,NA,NA,112.38,NA,-1,137
"1182",2000,688.5,"production","corn","go",1311.95,NA,NA,63.62,NA,-1,138
"1183",2001,563,"production","corn","go",1517.88,NA,NA,96.71,NA,-1,147
"1184",2002,959.3,"production","corn","go",1397.97,NA,NA,66.03,NA,-1,142
"1185",2003,1001.7,"production","corn","go",1608.71,297.87,663.5,83.88,1381.66,-1,127
"1186",2004,895.9,"production","corn","go",1402.63,547.97,704.14,70.91,1965.49,-1,132
"1187",2005,636.3,"production","corn","go",1527.86,581.74,2391.53,76.61,2057.59,-1,140
"1188",2006,808.8,"production","corn","go",1560.31,353.83,478.25,65.8,2182.02,-1,129
"1189",2007,921.3,"production","corn","go",1515.22,712.75,928.54,58.76,2124.77,-1,140
"1190",2008,1267,"production","corn","go",1492.51,331.97,801.67,79.52,2971.08,-1,144
"1191",2009,1696.9,"production","corn","go",1415.64,1046.6,1255.67,77.26,3690.14,0,150
"1192",2010,2152.8,"production","corn","go",1609.69,607.69,674.92,78.24,4469.87,0,133
"1193",2011,2912.2,"production","corn","go",1417.41,437.5,901.42,64.55,5000.17,-1,144
"1194",2012,4197.5,"production","corn","go",1439.52,1154.66,705.15,75.44,6114.07,0,150
"1195",2013,4816.9,"production","corn","go",1502.02,1035.56,791.91,70.72,7108.88,-1,153
"1196",2014,5837.6,"production","corn","go",1524.54,989.13,276.39,80.07,6943.43,-1,146
"1197",2015,7316.7,"production","corn","go",1223.24,5839.31,519.45,67.08,6713.86,-1,193
"1198",2016,4508.6,"production","corn","go",1348.55,3975.18,460.86,132.16,6402.2,-1,153
"1199",2017,7564.2,"production","corn","go",1405.71,NA,NA,NA,NA,-1,260
"1200",2018,6398.1,"production","corn","go",NA,NA,NA,NA,NA,NA,NA
"1201",1998,9.2,"production","corn","df",1186.36,NA,NA,163.51,NA,-1,112
"1202",1999,14.6,"production","corn","df",1414.43,NA,NA,201.25,NA,-1,112
"1203",2000,11.5,"production","corn","df",1192.08,NA,NA,54.55,NA,-1,112
"1204",2001,15.6,"production","corn","df",1294.9,NA,NA,157.02,NA,-1,116
"1205",2002,17.1,"production","corn","df",1199.09,NA,NA,147.16,NA,-1,115
"1206",2003,26.6,"production","corn","df",1641.31,5.48,17.64,118.7,0.55,-1,104
"1207",2004,24.3,"production","corn","df",1394.76,7.77,18.93,98.01,0.91,-1,115
"1208",2005,31.1,"production","corn","df",1466.67,4.57,42.05,89.29,2.56,-1,109
"1209",2006,30.3,"production","corn","df",1400.32,8.68,29.62,65.21,1.46,-1,103
"1210",2007,24.5,"production","corn","df",1441.06,3.57,19.29,57.18,0.37,-1,101
"1211",2008,46.8,"production","corn","df",1450.68,4.57,23.77,77.26,1.19,-1,117
"1212",2009,25.7,"production","corn","df",1294.11,7.31,33.37,73.53,0.91,0,114
"1213",2010,54.8,"production","corn","df",1375.82,4.93,22.85,82.79,2.83,0,103
"1214",2011,33.8,"production","corn","df",1412.08,10.6,32.64,53.72,4.57,-1,106
"1215",2012,52.2,"production","corn","df",1327.49,30.99,26.06,58.34,17.55,0,110
"1216",2013,170.4,"production","corn","df",1408.29,29.24,34.1,85.92,45.61,-1,114
"1217",2014,450,"production","corn","df",1413.21,21.93,13.71,84.2,63.52,-1,108
"1218",2015,345.6,"production","corn","df",1005.91,157.76,22.04,57.33,92.14,-1,138
"1219",2016,92.2,"production","corn","df",1147.85,129.62,11.89,278,113.27,-1,129
"1220",2017,268.8,"production","corn","df",1382.94,NA,NA,NA,NA,-1,189
"1221",2018,232.7,"production","corn","df",NA,NA,NA,NA,NA,NA,NA
"1222",1977,NA,NA,NA,"ba",NA,NA,NA,NA,NA,NA,143
"1223",1977,NA,NA,NA,"df",NA,NA,NA,NA,NA,NA,99
"1224",1977,NA,NA,NA,"ma",NA,NA,NA,NA,NA,NA,159
"1225",1977,NA,NA,NA,"pi",NA,NA,NA,NA,NA,NA,169
"1226",1977,NA,NA,NA,"to",NA,NA,NA,NA,NA,NA,144
"1227",1978,NA,NA,NA,"ba",NA,NA,NA,NA,NA,0,153
"1228",1978,NA,NA,NA,"df",NA,NA,NA,NA,NA,0,98
"1229",1978,NA,NA,NA,"ma",NA,NA,NA,NA,NA,-1,158
"1230",1978,NA,NA,NA,"pi",NA,NA,NA,NA,NA,0,175
"1231",1978,NA,NA,NA,"to",NA,NA,NA,NA,NA,0,136
"1232",1979,NA,NA,NA,"ba",NA,NA,NA,NA,NA,0,160
"1233",1979,NA,NA,NA,"df",NA,NA,NA,NA,NA,-1,106
"1234",1979,NA,NA,NA,"ma",NA,NA,NA,NA,NA,-1,156
"1235",1979,NA,NA,NA,"pi",NA,NA,NA,NA,NA,0,183
"1236",1979,NA,NA,NA,"to",NA,NA,NA,NA,NA,0,158
"1237",1980,NA,NA,NA,"ma",NA,NA,NA,NA,NA,-1,169
"1238",1980,NA,NA,NA,"pi",NA,NA,NA,NA,NA,-1,198
"1239",1980,NA,NA,NA,"to",NA,NA,NA,NA,NA,-1,158
"1240",1981,NA,NA,NA,"ma",1281.31,NA,NA,NA,NA,-1,174
"1241",1981,NA,NA,NA,"pi",905.04,NA,NA,NA,NA,0,200
"1242",1981,NA,NA,NA,"to",1693.39,NA,NA,NA,NA,-1,157
"1243",1982,NA,NA,NA,"ma",905.72,NA,NA,140.98,NA,-1,175
"1244",1982,NA,NA,NA,"pi",755.26,NA,NA,262.08,NA,-1,194
"1245",1982,NA,NA,NA,"to",1483.58,NA,NA,52.52,NA,-1,158
"1246",1983,NA,NA,NA,"ma",1371.53,NA,NA,246.04,NA,-1,176
"1247",1983,NA,NA,NA,"pi",976.96,NA,NA,272.23,NA,-1,216
"1248",1983,NA,NA,NA,"to",1651.64,NA,NA,89.82,NA,-1,159
"1249",1984,NA,NA,NA,"ma",1760.66,NA,NA,119.72,NA,-1,153
"1250",1984,NA,NA,NA,"pi",1290.75,NA,NA,234.37,NA,-1,188
"1251",1984,NA,NA,NA,"to",1847.05,NA,NA,59.66,NA,-1,138
"1252",1985,NA,NA,NA,"pi",1222.01,NA,NA,138.64,NA,-1,174
"1253",1985,NA,NA,NA,"to",1867.84,NA,NA,70.55,NA,-1,150
"1254",1986,NA,NA,NA,"pi",834.78,NA,NA,181.38,NA,0,181
"1255",1986,NA,NA,NA,"to",1458.14,NA,NA,41.79,NA,0,157
"1256",1987,NA,NA,NA,"pi",977.08,NA,NA,262.03,NA,-1,205
"1257",1987,NA,NA,NA,"to",1726.24,NA,NA,86.11,NA,0,153
"1258",1991,NA,NA,NA,"pi",912.11,NA,NA,252.56,NA,-1,236
"1259",1992,NA,NA,NA,"pi",868.68,NA,NA,249.14,NA,-1,220
"1260",1993,NA,NA,NA,"pi",1054.86,NA,NA,211.58,NA,-1,196
